klok,0
bpjs,1
rubah,1
data,6
kartu,2
bpjsnya,0
ktp,0
sehat,0
tangerang,2
puskemas,0
pondok,1
kacang,0
tolak,1
kis,0
bayar,7
pasien,0
sutiah,0
noka,0
faskes,0
puskesmas,0
tajur,0
kronologis,0
nopember,0
kondisi,5
lemah,0
panas,2
obat,6
faskesnya,0
bawa,3
jaga,0
alas,7
parigi,0
perintah,37
mandiri,0
moga,2
proses,4
keluarga,3
langsa,0
daftar,6
aktif,0
ditindaklanjuti,4
biisa,0
laku,15
pembayran,0
yopi,0
kuswari,0
terimaksih,0
salah,11
rustampu,0
pjs,0
menindaklanjuti,2
tera,0
aplikasi,0
lampir,2
asli,1
center,0
suyoto,1
kontrol,0
informasi,12
iur,0
rutin,0
masarakat,2
kerja,18
cirata,0
desa,62
ciroyom,0
cipeundeuy,0
layan,3
ambulac,0
pribadi,5
atou,0
minjam,0
rusa,3
suasta,0
tdl,0
gerat,0
kepala,1
pakai,4
ambul,0
jalan,8
beroba,0
datanh,0
marah,0
uang,12
kadang,0
perhati,17
ubah,1
jenis,4
kelamin,0
perempuan,0
lambat,3
ngampel,0
benah,3
nadia,0
rusmini,0
masuk,12
rumah,7
sakit,3
non,2
tunggak,0
tinggal,3
jasa,3
jangka,2
tarif,0
saldo,0
rawat,1
inap,0
situ,0
kasi,1
tau,4
denda,1
tgl,2
hitung,0
hemodialisa,0
anggap,0
biaya,11
hadap,3
bagimana,0
anggota,8
cabang,0
bukittinggi,0
bantu,39
kelas,1
awat,1
kosong,2
cek,6
lup,0
aida,0
tingkat,7
klinik,0
syarat,7
tagih,1
sulit,6
surat,5
rujuk,0
usg,0
rencana,0
lahir,1
periksa,2
hpl,0
indikasi,4
milik,14
penginputan,0
identitas,0
sep,0
nik,2
mengunakan,1
sarjito,0
premi,0
beli,11
kali,10
pikir,4
matang,0
suruh,1
ganti,1
kesini,0
total,3
lunas,0
pindah,2
almira,0
staf,0
upmp,0
baca,3
hasil,16
pergi,0
muncul,2
jadwal,0
operasi,6
hak,2
ngombol,0
pulang,0
ditelp,0
jkn-kis,0
ceria,0
pbpu,0
dunia,0
rsup,0
fatmawati,0
nonaktif,0
keluh,5
bayi,2
anak,3
akta,0
tindak,18
gigi,0
igd,0
rskgm,0
riau,1
film,0
komputer,0
dokter,0
assisten,0
sekal,0
nonton,0
fokus,0
tidk,1
status,2
purwokerto,0
sinna,0
aura,0
nirvana,0
panoramica,0
atm,0
indomaret,0
solusi,7
rupa,2
pegawai,0
swasta,0
aju,12
badan,1
usaha,18
non-aktif,0
cantum,0
temu,2
palsu,1
gresik,1
iurah,0
kemarin,0
coba,8
bank,0
indomart,0
warning,0
puri,0
husada,0
tembilahan,0
konfirmasi,1
cucu,0
ruang,0
penuh,2
efektif,0
sistem,2
autodebet,0
normal,1
khawatir,4
lupa,0
agustria,0
santoso,1
diautodebet,0
tagihanya,0
bulanya,0
jamkesmas,0
selisih,0
pilih,2
ina,2
cbg,0
berat,4
laporoskopi,0
kait,14
timbul,1
muara,0
teweg,0
gratis,4
rsud,0
singgung,0
gaji,3
potong,2
loket,1
berkas,1
smskan,0
virtual,0
account,0
juwita,0
medika,0
tanggap,2
pbi,0
gunungkidul,1
fasilitas,0
mudah,4
akses,2
kamar,0
menonaktifinnya,0
tanah,10
abang,0
scalling,0
alat,10
rusak,8
karet,4
tengsin,0
sampa,1
menginformasika,0
melakkukan,0
nitip,0
arti,2
jkn,0
rojiman,0
catur,0
prasetyo,0
siti,0
khotimatul,0
munawaroj,0
balas,1
praktek,0
kunjung,5
muas,1
tindaklanjut,0
noke,0
basar,0
moohn,0
msui,0
rawas,0
kip,0
tode,0
pspxm,0
rvmtj,0
rzrb,0
tua,0
batu,1
ampar,0
nadira,0
kusuma,0
ramadhan,0
fachyat,0
alhamdulillah,0
tunggal,0
guru,1
smk,0
janda,0
salatiga,0
sertifikasi,0
inpassing,0
tpg,0
diknas,0
realisasi,5
harap,12
mekanisme,0
serah,2
kacau,0
kendala,0
tjkhp,0
smpn,0
karang,1
asem,0
kertanegara,1
purbalingga,0
rosa,0
rahmadadi,0
panji,0
raka,0
siwi,0
samarinda,0
sidodadi,1
ulu,0
rvzoqs,0
dika,0
rivana,0
sekolah,1
rvzqs,0
ripana,0
dana,16
pegang,1
tclar,0
lidia,0
anggriani,0
tmdd,0
tpy,0
ttxm,0
mts,0
bangkal,0
bsm,0
indah,3
lestari,1
pjhj,0
tsrpj,0
tasya,0
devia,0
alviani,0
smp,0
negeri,8
babakan,0
isi,2
udah,5
cepat,4
lex,0
rgqwz,0
tohwo,0
dapetnya,0
ajuin,0
ahmad,0
ardiansyah,0
twy,0
bilang,4
beritahukan,0
chek,0
tohwoo,0
perna,0
dpt,4
kks,0
gekch,0
kampung,1
pariaman,0
tpp,0
non-sertifikasi,0
raudah,0
solah,0
seme,0
ntara,0
photo,0
copy,0
jdi,1
kek,0
rufasg,0
futiha,0
hikmatul,0
husna,0
tamat,0
sma,0
arga,0
makmur,3
adik,0
fiki,0
nurhidayati,0
fitria,0
islami,0
tjdgf,0
sdn,0
sitardas,0
badiri,0
tap,0
fidelis,0
lase,0
celvin,0
khoir,0
siswa,0
pasarejo,0
evi,0
nora,0
akmala,0
siswi,0
ibrahimi,0
sukorejo,0
asembagus,0
situbondo,0
program,10
perangkat,3
wonosari,0
bondowoso,0
kabar,1
berita,4
qxlg,0
tvv,0
muhamad,0
muhtarudin,0
lulus,0
min,0
internet,1
maria,0
virgina,0
lamper,0
mijen,0
hnpjw,0
tangga,2
pebriansyah,0
irwansyah,0
tim,3
sumbang,0
beban,2
utama,3
tambun,0
alita,0
rahmawati,0
menteri,21
agama,0
bea,0
muhammadiyah,0
cileungsi,0
bogor,0
murid,0
uji,1
nilai,1
laksana,5
try,0
out,0
awas,1
naskah,0
unas,0
tulis,0
ijazah,0
atk,0
map,0
dll,3
koreksi,0
ttzu,0
rahma,0
pasa,0
azahra,0
tpi,2
terdaptar,0
piter,0
satria,0
kurnianto,0
domisili,1
tengah-banyumas-kebasen,0
tumiyang,0
manfaat,4
langsung,13
scara,0
tunai,1
persmester,0
skarang,2
hmpir,0
smester,0
emanuel,0
wangge,0
say,0
spp,1
nunggak,0
bln,3
sampae,0
intan,0
nawang,0
wulan,0
lor,0
pasar,2
sidoharjo,0
polanharjo,0
klaten,0
roeb,0
rptae,0
wfs,0
tjsap,0
terbit,2
putus,1
pintar,0
mahasiswa,0
teknik,0
sipil,0
brawijaya,0
fakultas,0
sidang,0
skripsi,0
wajib,4
kwitansi,0
resmi,2
pungli,3
snmptn,0
jalur,2
gjps,0
samsul,0
arip,0
yayasan,0
didik,0
handayani,0
raya,6
banjaran,0
arjasari,0
tlpn,0
rtps,0
semenjak,0
teman,1
riseh,0
sya,2
khoderi,0
karangagung,0
glagah,0
lmongan,0
karangagun,0
bantun,0
sos,0
tlong,3
lanjutin,0
tkfr,0
kipnya,0
taocd,0
zunaida,0
sasmita,1
tidwm,0
aprilia,0
citra,0
wardani,0
resdj,0
rizal,0
panggil,2
ijal,0
pfumy,0
memdapatkn,0
sasar,4
kaya,1
qtj,0
dzulfa,0
akila,0
haya,0
fadhilla,0
cetak,4
lifa,0
maulia,0
hayati,1
rapot,0
sulosinya,0
tetima,0
rusdiansyah,0
fiqry,0
haeqal,0
fadhillah,0
tsz,0
palto,0
salimah,0
sindangsari,0
cisompet,0
garut,0
pwfus,0
kelayang,0
buku,0
lks,0
mungut,0
ratus,4
ribu,4
rupiah,3
twp,0
dapet,0
semester,0
pvqdk,0
basuki,0
cilacap,1
irfa,0
shidqi,0
shabrina,0
qori,0
laelas,0
qurbina,0
tfpx,0
maaf,2
ganggu,2
pip,0
wacana,1
sewa,1
laptop,0
pdahal,0
promnight,0
katalog,0
tmbhn,0
ajar,1
stres,0
kuliah,0
besok,0
pdgbf,0
pvvluu,0
palembang,0
madrasah,0
nurul,0
falah,0
layak,5
lajutan,0
rakyat,7
ardiana,0
dwi,2
tfcb,0
thut,0
devi,0
kurniati,0
smkn,0
pamekasan,0
tuwr,0
al-hayatul,0
islamiah,0
malik,0
mengaharapkan,0
assalamualaikum,5
nur,0
khayati,0
mahasiswi,0
upn,0
veteran,1
ketrima,0
raport,0
jurus,0
akuntansi,0
dibojonegoro,0
beasiswa,0
bidikmisi,0
nisn,0
ekonomi,1
tanggung,1
tacipi,0
ulaweng,0
qooozk,0
rahbwg,0
ryyzt,0
twa,0
tcgtm,0
masyarakat,18
seleweng,0
serewa,0
pejanggik,0
praya,1
lombok,2
ntb,1
respon,4
sikap,3
mendikbud,0
komite,0
tinjau,4
permen,2
larut,0
batal,0
alias,1
cabut,1
paksa,0
negara,8
bumerang,0
praktik,0
pungut,2
liar,1
apbn,3
bidang,3
contoh,0
bos,2
dak,1
swakelola,0
nyata,10
di-pl-kan,0
tender,1
oknum,5
petinggi,0
audit,1
paket,2
administrasi,0
qgykv,0
aldi,0
saputri,0
dewi,0
trihapsari,0
yosodipuro,0
surakarta,0
kakak,0
sman,0
sepatu,1
qykjp,0
mlm,0
presiden,8
jokowi,4
seblumnya,0
tmptnya,0
sei,0
manggar,0
tabur,0
nunukan,0
propinsi,3
kal-tara,0
pas,0
daera,0
batas,3
malaysia,0
dngn,0
kmi,4
syangkan,0
kebanykn,0
ank,0
anggar,7
kjp,0
klas,0
bioskop,0
feb,0
gaja,0
mada,0
land,0
htm,0
cari,4
order,0
fee,0
kasihan,4
txwz,0
aslkm,1
wasri,0
gamongan,0
tambak,0
rejo,0
bingung,5
susah,5
sinyal,0
ketemu,0
biar,8
gampang,0
mrosesnya,0
renti,0
pantang,0
mundur,0
trimakasih,1
assalamuaikum,0
mbah,2
dul,0
yoto,1
suara,0
tuhan,0
mobil,2
dewan,3
jual,11
bus,0
cela,0
banyuwangi,2
patuh,0
tiru,0
berani,0
ambil,3
pantau,0
aparatur,0
mas,0
rangga,0
warsita,0
pertanggungjawab,0
kagem,0
tansah,0
paring,0
segerwaras,0
siar,0
fenomenal,0
agung,1
tgnj,0
choirul,0
tbo,0
asalamualaikum,1
hariyono,0
alesmana,0
sujiati,0
yusuf,0
dumai,0
tlnglah,0
ozgr,0
pandawa,0
nangapanda,0
ende,0
ntt,0
undang,4
sutari,0
kedungdiro,0
banar,0
sambungmacan,0
sragen,5
jateng,1
wasinem,0
lansia,0
ngak,0
tangan,9
upaya,0
mejadi,0
pns,0
honor,0
minimal,2
tes,1
cpns,0
istilah,0
mati,8
abdi,0
seko,0
ikhlas,0
harga,43
pdhal,0
tsb,1
emis,0
tmd,0
encep,0
abdul,0
man,0
rdjsco,0
rembanng,0
kapbupaten,0
pasuruan,0
bom,1
karti,0
ayu,0
toigoq,0
sampe,0
skrg,1
bnyk,1
rosita,0
slama,1
kpda,1
ikan,14
tlng,0
mkn,0
buta,0
pnerima,0
nmr,0
blum,0
pnya,1
pntar,0
bla,0
kotak,0
pngaduan,0
wnorejo,0
kranganyar,0
kbumen,0
susul,0
mhon,2
slah,0
kta,0
trima,2
ksih,0
jwabannya,0
ulang,2
aph,0
pgri,0
yuda,0
apriana,0
kembar,0
intensif,0
darussalam,0
sibun,0
jayabakti,0
takdi,0
ghmtd,0
ade,0
merry,0
salwa,0
ptyvt,0
blm,2
ampenan,0
mataram,0
industri,0
salsabila,0
niwanda,0
ttyvs,0
nirwanda,0
urus,5
rftqn,0
rrwtv,0
tuju,2
rini,0
anti,1
memberitahu,0
baso,0
agam,0
sumbar,0
sktm,0
ibnu,0
alqadri,0
ilsa,0
maulana,0
aslmkm,0
maksimal,3
lolos,0
usul,2
ptn,0
bidag,0
khusus,17
jatah,3
ralbjl,0
kls,0
kps,0
qngn,0
foto,0
dita,0
febrika,0
poguman,0
pxzlqo,0
apdira,0
nabila,0
tguy,0
lala,0
nurlaela,0
kandung,0
info,2
ilham,0
rsria,0
henti,2
meni,0
bapakny,0
honorer,0
kemdikbud,0
kemenag,0
kaji,1
libat,0
jabat,3
poiw,0
suda,0
deket,0
lamongan,2
tahan,1
bayar-,0
gedung,1
pti,0
fauzi,0
hamdala,0
bijaksana,1
jajan,0
sarap,0
foto-copy,0
gambir,1
pusat,7
txja,0
tdcuu,0
irama,0
tahap,1
tig,0
tphrp,0
puny,0
bntuan,1
gnrkrr,0
banyubiru,0
dukun,0
magelang,0
thty,0
arif,0
nurohman,1
twskl,0
tzfop,0
rcwn,0
moh,1
kholik,0
ansori,0
budaya,0
pyxhja,0
salam,5
inpres,0
hasibun,0
simamora,0
hasibuan,0
pagar,1
taput,0
prop,0
sumut,1
janggal,0
duit,1
bangun,13
gerbang,0
parkir,0
cerah,2
kesalahpaman,0
farhan,0
trsbt,0
tarbiatul,0
islam,0
kandangjati,0
kulon,2
kros,0
mks,0
ndak,3
wali,1
tey,0
duren,0
jaya,3
bekas,1
bri,0
lubuk,0
nibung,0
sintang,0
kalimantan,2
libur,2
natal,0
pfdnv,0
rizkon,0
yamin,0
taxm,0
vikiya,0
nando,0
lawang,1
pph,0
hilang,4
bar,0
code,0
ktscdtv,0
urut,0
melani,0
yeninar,0
matreda,0
rumbrar,0
puweri,0
dusun,9
supiori,0
papua,0
qgho,0
kipricty,0
fiona,0
takahindangen,0
lokasi,5
manganitu,0
salim,0
cirebon,3
kumpul,0
kecewa,0
enam,0
tfg,0
tigsq,0
deteksi,0
bunga,2
astriwandela,0
air,26
merah,3
kartux,0
siswax,0
emang,0
unk,0
pajang,0
org,4
tgqw,0
wahid,0
sukm,0
aji,0
pid,0
guwosobokerto,0
jepara,0
kesehjahteraan,0
atin,0
murniasari,0
pemkab,2
wassalamualaikum,0
qcb,0
reginan,0
putri,0
rizky,1
siagian,0
pakam,0
deli,0
serdang,0
sumatera,4
bicara,0
kevin,0
riski,0
permana,0
stupun,0
prima,0
pandu,0
sukmana,0
surabaya,0
alamat,8
wonokromo,0
kode,2
pos,2
tetangga,0
thj,0
revanda,0
eka,0
cantika,0
toic,0
tqxck,0
pengang,0
rnykx,0
tpqao,0
puspa,0
mahdewi,0
twt,0
gasal,0
untk,4
mksh,0
tsdm,0
etika,0
sari,0
lamtim,0
tunjang,0
triwulan,0
pmyts,0
dodo,0
setiadi,0
pemberitahuan,0
www,0
haspira,0
cikoro,0
tompobulu,0
gowa,0
sulsel,1
dnvr,0
progaram,0
amalia,0
ratu,3
ulhaque,0
trjrm,0
kedungsugih,0
pagerbarang,0
tegal,0
skali,0
smpe,0
skrng,1
pgqna,0
anastasya,0
evelien,0
agfriolova,0
lampung,6
tbap,0
tabofu,0
dhty,0
dasar,4
bkn,2
nasrawati,0
nip,0
unit,9
pomako,0
nuptk,0
valid,0
manual,0
pend,0
mimika,0
angkat,0
operator,0
peg,0
gtk,0
dapodik,0
lengkap,2
mendikbub,0
eko,1
wringinagung,0
jombang,0
jember,2
jatim,2
gtt,0
plpg,0
gty,0
remeu,0
orangtua,0
hapus,0
pnwupw,0
rizki,0
agustina,0
jadjah,0
ayah,0
amir,0
muhammad,1
riki,0
gustiana,0
jaozah,0
kusnadi,0
tckh,0
enggan,0
qeov,0
danaapa,0
tveqh,0
bayur,0
slmatsiang,0
menpan,0
ru-guru,0
pene,0
rima,0
srt,0
ifkasi,0
des,1
kam,0
twdma,0
habis,5
yrd,0
muaro,0
jambi,1
stpp,1
rbc,0
peser,0
badawi,0
karyasari,0
lewiliang,0
setor,0
kutasari,0
rydw,0
rpjh,0
tlbv,0
novita,0
elisabeth,0
simaibang,0
hubung,5
pao,0
huruf,1
gerunggung,0
sekernan,0
tte,0
anisa,0
juliani,0
bojong,0
soang,0
pxyrt,0
kiptuvc,0
prosedur,1
divlwh,0
finka,0
muktiana,0
tjqz,0
ppmal,0
chintya,0
rafika,0
adinda,0
bayu,0
washliyah,0
medan,2
raja,1
garu,0
trlfc,0
syka,0
fitriani,0
tbavp,0
dedek,1
pratama,0
yatno,0
batang,2
jembatan,1
harinomor,0
induk,1
supriantonama,0
yanti,0
murni,4
spasi,0
taqz,0
pagergunung,0
dng,0
telat,0
vanita,0
arum,1
pete,0
kanigoro,0
ngablak,0
roae,0
adi,0
rahmat,0
tuodf,0
fotocopy,0
pqxq,0
pkbm,0
mdc,0
soekarno,0
hatta,0
stingkat,0
sesi,0
pkh,0
idea,0
ditetabkan,0
miskin,2
teliti,0
kirim,6
kabul,0
nuwun,1
sewu,0
poltek,0
ngumpak,0
dalem,0
hancur,2
sinten,0
seng,2
tangung,0
tempur,0
sumodikaran,0
ngapunten,0
uderman,0
nomer,0
bokat,0
buol,0
rusunawa,0
otomatis,1
ksk,0
peras,0
agus,0
beruang,0
gayamsari,0
lembar,0
pzzkal,0
sidoarjo,0
yng,2
belit,0
ttp,0
kurtini,0
selpiana,0
vicky,0
ihsan,0
azis,0
bagus,3
affan,0
fahreza,0
ngletih,0
pesantren,0
gurah,0
marobo,0
keliru,0
polisi,4
pro,1
kontra,0
ribut,0
rwwixr,0
putra,0
pmerrf,0
tlps,0
tdak,4
firgiawan,0
unbk,0
lapotp,0
trkg,0
septianingrum,0
tcxz,0
rio,0
ternando,0
psaubm,0
pnicch,0
wahyu,1
bilhaq,0
udh,0
thn,4
pkjz,0
umur,1
evadayana,0
pnzdz,0
rekening,1
kmren,0
rapat,0
kertasari,0
kenaekan,0
suka,0
rprb,1
gilir,0
ngamrah,0
tatac,0
bakar,0
aniaya,0
supartono,0
tenaga,2
kontrak,2
firman,0
tukang,0
rang,0
masak,2
meter,3
juluk,0
malu,2
laporhendy,1
hendrarprihadi,0
mosok,0
lahan,18
produktif,1
kuta,1
tenggarong,1
sawah,25
sayang,3
pdam,0
alir,4
langgan,0
kalicari,0
pedurungan,0
keruh,0
dar,2
cuci,0
masyarat,0
kayong,0
utra,0
teluk,0
btang,0
duga,1
penyewengan,0
mhn,1
termksh,0
rua,0
profesional,0
atur,9
interpensi,0
staff,0
ass,3
salamun,0
sag,0
asn,0
buru,0
pangkat,0
iii,0
pringgabaya,0
jaksa,0
polda,1
zulkarnaen,0
disduk,0
batam,0
zainal,0
suap,1
akte,0
pai,0
hri,1
jga,1
dngan,0
bnyak,1
rugi,11
kpk,0
manusia,1
modus,3
rapi,0
tlg,4
kerah,0
intel,1
antri,2
pind,0
dbantu,0
sendangguwo,0
nikah,0
blanko,0
dkasih,0
kpastian,0
kpn,0
ksana,0
dispenduk,0
tembalang,0
serius,5
lampu,1
clangap,0
hapir,0
instansi,2
sedia,1
minum,1
blar,0
bjnyth,0
sbgai,0
karangdinoyo,0
sangt,0
smg,0
dtng,0
dkrnakn,0
ttng,0
add,0
sprti,1
sekian,3
terimaksh,0
madam,0
gunungpati,0
tatto,0
sajam,0
teror,0
krn,4
tos,0
curi,0
ban,0
pmk,0
inspektorat,1
hnya,1
timpa,0
suroso,0
bag,0
bengkel,0
mslh,0
stop,3
bid,0
oper,0
pananggapan,0
nasional,3
prona,0
sertifikat,3
masal,0
terap,2
kualitas,3
praduga,0
anggara,0
kendara,0
prbadi,0
saber,0
independen,0
jujur,0
simalungun,1
uda,1
darurat,1
birokrainya,0
skpd,0
bijak,5
samping,1
makam,0
pahlawan,0
bikin,1
sempit,1
mencaru,0
assalamu,0
alaikum,1
ralat,0
pensiun,0
ischak,0
ismail,0
kepka,0
tmt,0
wass,0
scepatnya,0
brantas,1
preman,0
lingkar,0
prabumulih,0
smpai,0
simpang,0
blimbing,0
sungai,2
lilin,0
kayu,2
apaka,0
wakatobi,0
haji,0
aruhawi,0
agotanya,0
pecat,0
ijasa,0
ujianpaket,0
sedakan,0
tksampai,0
kulia,0
kola,0
bkd,0
final,0
wenang,3
sukwan,0
jaring,4
pimpin,2
pass,0
kalimalang,0
bolong,0
truk,1
proyek,3
bahaya,1
hujan,6
pasirangin,0
cikeungsi,0
rekam,0
e-ktp,0
cileungai,0
pem,0
pelayaan,0
sukamaju,0
karyawannya,0
banjir,3
kanal,1
sebgai,0
was-was,0
deras,1
mudin,0
jati,0
melati,0
gede,1
suami,0
puluh,1
kalsel,1
online,1
daeler,0
pulsa,0
kenal,5
lihat,7
akhmad,0
arifin,0
mmpd,0
mojosari,0
mojokerto,1
jurnal,0
dishub,0
lalulintas,0
balau,0
dampak,3
sandi,0
pamularsih,0
jan,0
sayay,0
panti,0
wreda,0
omega,0
spt,0
trimakasi,1
merger,0
seragam,0
non-pns,0
siur,0
taman,0
macet,1
banget,0
cfd,0
srondol,0
wetan,1
banyumanik,0
beres,0
skr,0
taryadi,0
almat,0
tulikup,0
gianyar,0
bal,1
pecah,2
dri,1
bralamat,0
trsan,0
jamika,0
sukahaji,0
bbkn,0
ciparay,0
tmpat,0
percayakn,0
sdri,0
sri,0
dgn,8
krna,0
desak,0
tanyakn,0
trus,1
menanyakn,0
caci,0
maki,0
brmaksud,0
akn,0
arsip,0
upa,4
mertua,0
slbuku,0
terang,2
mualaf,0
ket,2
rssanjiwani,0
berikn,0
forum,1
bntuannya,0
mengingt,0
sngat,1
pnting,0
bgi,0
pajak,0
ngantri,0
eror,0
latih,1
ssp,0
ketidakadilan,0
langgar,4
kasn,0
lantik,0
eselon,1
lingkung,3
rendah,3
personil,1
berharp,0
bengkayang,0
sanggau,0
sekadau,0
kalimanatan,0
review,0
galah,0
rubun,0
kotarih,0
sergei,0
tata,0
banding,0
dian,2
yanuartati,0
banten,2
alih,2
kepegawain,0
perum,1
graha,0
padma,0
bojongloa,0
kaler,0
helm,0
tuh,0
niat,0
ngomongnya,0
bentak,0
lempar,0
bulpen,0
karanganyar,0
parah,2
menghamurkan,0
apbd,2
hastono,0
jungke,0
lahat,0
sum,0
-sel,0
kemaren,1
mneurut,0
penjelsan,0
kodya,0
hidup,5
pimggirannya,0
isolasi,0
blangko,0
rian,0
ktpnya,0
tiada,0
gajahmungkur,0
janji,2
paspor,0
ektp,0
disdukcapil,0
halmahera,0
organisasi,1
sepeda,0
motor,0
karcis,0
koperasi,0
tertib,2
bocor,0
pad,1
pramono,0
trm,0
ksh,0
bantuannyalaporhendi,0
saran,4
gajah,1
thamrin,0
area,1
tlogerejo,0
kimangunsarkoro,0
ruas,0
bensin,0
boros,1
lancar,0
susun,0
sllu,2
hbs,1
klau,1
mnt,0
lantai,1
brp,0
gmn,0
makasih-bu,0
endah,0
krisna,0
bdg,0
kyth,0
emil,0
citopeng,0
jalautan,0
sampah,0
ulah,1
cijerah,0
sengaja,0
cibeureum,0
cimahi,0
upah,0
buang,1
badung,0
kerna,0
menibulkan,0
meng,1
telepon,0
terimakasi,0
tamrin,0
ribet,0
menindaklanjutinya,0
kalo,3
dengar,1
bolo,0
beranta,0
enak,1
knapa,1
waringin,0
takokak,0
tida,0
trkait,0
msarakat,0
mampat,0
masarakt,0
jngan,0
sdah,2
trlihat,0
tipikor,0
mwmbawa,0
brng,0
bkti,0
pekrjaan,0
pisik,0
trun,1
lapang,5
karyawan,1
ump,0
berktp,0
bantuanya,0
taerima,0
sam,0
dahlan,0
telogorejo,0
timbang,2
cipta,0
sejahtera,4
fisik,0
nasib,3
jompo,0
yatim,0
cacat,0
tonton,0
setia,0
tala,0
pelayana,0
kampar,1
bangkinang,0
buruk,1
manusiawi,0
gebang,0
terobos,0
muat,1
cukong,0
akut,0
keranjingan,0
supir,0
aduh,0
medengar,0
berantas,1
plampitan,0
marak,0
edar,2
narkoba,0
napi,0
bandar,0
lapas,0
bisnis,0
pemuda,0
transaksi,1
android,0
key,0
bca,0
stepen,0
dlm,6
universitas,1
gerak,1
mirin,0
angkut,3
labuhanbatu,0
coret,0
ettypdam,0
pdamkotasmg,0
bgmn,0
sendat,0
pejaten,0
bpn,1
dsurabaya,0
luas,6
tggu,0
thx,0
gana,0
penyalahgunaan,0
pdtt,0
mark,0
kades,1
matawia,0
papan,0
giat,8
bak,0
volume,0
rabat,0
catat,0
material,1
pipa,0
hok,0
bpkp,1
sutra,0
ode,0
suriadin,0
bpd,0
wolowa,0
buton,0
sulawesi,1
tenggara,0
kapolsek,0
cakung,0
skck,0
formulir,0
byr,0
sidik,0
jari,0
xpasinet,0
faces,0
inetmenu,0
jsp,0
wib,1
humas,0
imigrasi,0
website,1
ipass,0
xpnet,0
xpnet-main,0
xhtml,0
wibhal,0
lissa,0
gabung,2
npwp,0
kpp,0
kembang,7
aya,0
maju,3
ferry,0
kurniawan,0
lamar,0
taksi,0
genuk,0
izin,10
pekanbaru,0
murat,0
hutagaol,0
tol,0
pekanbaru-dumai,0
adil,1
diskriminasi,0
menhumham,0
lai,2
tana,0
tidung,0
prov,4
kaltara,0
mutasi,0
wassalam,3
mud,0
resi,0
car,0
free,0
day,0
seroja,0
manyar,0
gol,0
pasang,0
gto,0
e-tol,0
trek,0
lajur,0
tinjak,1
grand,0
remaja,0
miras,0
nakal,0
kaltim,1
coal,0
bakri,0
group,0
penyeribotan,0
kebun,6
mengsengsarakan,0
romy,0
madi,0
fathul,0
izhar,0
dsa,0
lagan,0
seluma,0
bengkulu,1
slaku,0
ktua,0
lsm,0
national,0
croption,0
wotch,0
ncw,0
hsl,0
pntawan,0
plksaan,0
dlam,0
tmuan,0
pnylngan,0
ataranya,0
pnplmbngan,0
dna,0
aitm,0
pryk,0
dga,0
asallan,0
pkerjaan,0
tpk,0
tnaga,1
krja,0
stmpat,0
pndmpng,0
lkal,0
seola,0
prnan,0
pngwasn,0
kpla,0
slku,0
membiarkn,0
trjdi,0
ptugas,0
brwng,0
kmtds,0
mnindk,0
lnjuti,0
lporn,0
upya,0
sda,1
mmawa,0
kcmtan,0
brsa,0
sluma,0
brat,0
tndk,0
lnjut,0
cmat,0
pho,0
tla,0
mnytakan,0
pkrjaan,0
pisiksda,0
prsn,0
pda,0
bertlak,0
bkang,0
pkta,0
lapngan,0
dmkan,0
lprn,0
trmks,1
tracking,0
reus,0
ppkp,0
cukai,0
input,0
gpp,0
adany,0
tunggu,1
trafict,0
light,1
padat,0
spy,0
hati,1
capil,0
nih,0
pusing,0
tolog,0
benerin,0
kbenaran,0
obyek,0
wisata,1
tasikmalaya,0
nota,1
bene,0
ybs,1
adlah,1
brnama,0
dudi,0
iskandar,0
mlakukan,0
pandanaran,0
ndk,0
imbas,0
depok,0
piere,0
tendean,0
kfc,0
paragon,0
detik,0
cuman,0
sebentar,0
makasih,2
porsea,0
toba,0
samosir,0
kubu,1
hulu,1
rok,0
hilir,0
kiaracondong,0
makan,5
alesan,0
prioritas,2
wujud,1
kesra,0
anggur,0
pecinan,0
urai,0
matur,2
sanget,0
assalammualaikum,0
bagor,0
nganjuk,1
kategori,1
saragi,0
manduamas,0
tapanuli,0
anggraran,0
polres,1
tapteng,0
kejar,0
sibolga,0
tembus,0
gubris,0
johar,0
relokasi,0
mesjid,0
roda,0
assalam,0
mualaiku,0
hendiselamat,0
kokmalah,0
astaga,0
suwun,2
tdp,1
evaluasi,1
tksh,0
trial,0
brtanggung,0
kpendudukan,0
mngurus,0
mmberikan,0
bndung,0
mndapatkn,0
smula,0
shingga,0
mgurus,0
telusur,0
note,0
kaligawe,0
raden,0
patah,1
labuh,3
besi,0
menggembeskan,0
ngurus,0
e-ktpnya,0
belah,0
tmp,0
seberang,0
mapolda,0
sap,0
belok,1
sriwijaya,0
woltermonginsidi,0
polsek,0
personel,0
kriminal,0
begal,0
ampo,0
segan,0
luka,0
korban,5
keliling,1
jahat,0
sadis,0
takut,1
lembursawah,0
cicantayan,0
sukabumi,1
lpg,0
format,0
abd,0
rajab,0
restorant,0
perijinan,0
siup,2
tdup,0
restoran,0
pajal,0
lembur,0
nyapun,0
resto,0
teras,0
sunda,0
ciliwung,0
bekerjasama,1
kai,0
reska,0
kereta,0
api,0
logo,0
dahan,0
undip,0
pleburan,0
selidik,1
bersih,1
tanda,2
cicadas,0
cibeunying,0
kidul,0
mutih,0
plombokan,0
bajaj,0
bbg,0
mikrolet,0
ngetem,0
bni,0
truck,0
singaparna,0
tasik,1
pke,0
sabuk,0
lapar,1
satgas,0
sapak,0
domba,0
fitnah,0
mio,0
ilegal,0
tadah,1
angota,0
cemar,0
liau,0
sangau,0
kalbar,0
saksi,1
sdr,0
dolah,0
bang,0
putun,0
dedi,0
suryadi,0
tangkap,6
kapolres,0
kapolda,0
togel,0
ganja,0
bodong,0
ranmor,0
marga,0
parapat,0
mutia,0
lae,0
gering,0
dairi,0
hpnya,0
cipinang,0
cempedak,0
jatinegara,0
bukti,7
sayatanya,0
ruth,0
laut,18
kapal,5
pelni,0
egon,0
waingapu,0
konsisten,0
landau,0
bara,0
angaran,1
apbdes,0
angger,0
biyaya,0
srtifkat,0
tnah,1
rbu,1
grtis,0
rutan,0
taufik,0
kpr,0
brsangkutan,0
kapasitas,1
atg,0
blok,1
tamu,0
leceh,0
jiwa,0
dlakukan,0
elecehkan,0
atw,0
remeh,0
beta,0
arogan,0
berprilaku,0
aneh,1
dpulangkan,0
wkt,0
stpdn,0
sblm,0
hentiny,0
subal,0
netes,0
nyala,1
sdngkn,0
lgsg,0
pringtn,0
bantuany,0
askes,0
pam,0
kembangarum,0
prihatin,1
musim,12
trims,3
hlaporhendi,0
maap,0
menggangu,0
curhat,0
bentar,0
piatuh,0
ruhmah,0
alm,0
gadai,0
almarhum,0
jaman,0
ahku,0
diklat,0
prajabatan,0
msl,0
wajar,0
kemendagri,0
penggan,0
bentuk,7
sigap,0
terjun,1
wologito,0
mara,0
byk,1
komplain,0
stnk,0
semrawut,0
poul,0
piye,0
jal,0
october,0
vincent,0
christopher,0
suprana,0
nagari,0
talang,1
balarik,0
ranah,0
ampek,0
pesisir,7
padang,4
trayek,0
brt,0
cangkir,0
mbok,0
smua,0
bandara,0
bedah,0
purwoyoso,0
biaa,0
cibaduyut,0
prnh,0
trs,0
rmh,1
lyk,0
huni,1
knpa,0
shm,0
singkat,1
cerita,1
jaksel,0
harda,0
-nurhadi,0
slesai,0
kepnengurusan,0
sbg,1
wrga,0
sekaraing,0
hrs,1
sim,0
putu,0
uti,0
andar,0
bendahara,0
secepatya,0
maling,0
tambakrejo,0
bibit,11
lantin,0
pnduduk,0
balalon,0
bulagi,0
bangga,0
pulau,3
aman-,0
aman,3
fakta,0
aparat,3
bbk,0
katogori,0
baruru,0
oprator,0
eri,0
santi,0
wina,0
iwan,0
muslihun,0
bateng-babel,0
desb,0
sppfbt,0
terak,0
ktr,0
katis,0
bangka,1
nanya,0
payung,0
hukum,5
laci,0
sopi,0
blax,0
dst,0
berkompe,0
usut,1
waymencar,0
waytuba,0
waykanan,0
pasteur,0
sukajadi,0
koq,0
tepa,0
feteran,0
slatan,0
pepat,0
met,0
tlp,0
surapati,0
passport,0
sistemik,0
bokbrok,0
sgt,0
muak,0
nuhun,1
apakh,0
upkp,0
kir,0
duri,0
perpanjgn,0
tampa,0
trucknya,0
warung,0
bakso,0
jayasari,0
puspogiwang,0
fasum,0
bina,0
pemkot,0
kawasan,3
kuningan,0
kering,12
damping,0
sosialisasi,0
transparansi,0
dipolisikn,0
indragiri,1
tanam,34
erman,1
bsg,1
tanjung,1
mahal,9
pupuk,30
dialog,5
teng,2
tokone,1
njenengan,1
wereng,4
manjur,1
npo,1
regine,1
pinten,1
kulo,3
bade,2
tmbas,1
mriko,1
mbk,2
mia,3
nasip,1
tani,106
panen,29
padi,32
sapai,1
wkil,1
juang,1
tetani,1
dukung,3
jeblok,2
bilo,1
pungpungan,2
gabah,20
asline,1
rego,1
teles,1
ikilo,1
piro,1
mbak,6
bulog,6
ngeluh,1
anjlok,3
regane,1
punggur,1
salur,10
irigasi,17
pajeng,0
porak,0
poranda,0
bandang,0
modal,4
sumberjo,3
traktor,2
rama,1
puja,1
ram,1
blower,1
tebus,1
langka,7
kios,5
kepohbaru,1
baureno,1
golahan,0
hutan,6
salunata,1
paku,1
balla,1
mamasa-sulawesi,1
dulunya,1
roboh,1
akibat,9
arus,1
shg,1
ubi,1
tapioka,1
pabrik,4
murah,6
kilo,2
gram,1
ptpn,1
fiber,2
sambung,1
buah,4
cabai,4
kilat,1
dua-tiga,1
kilogram,2
gali,1
sirtu,1
pruduktif,1
dsn,2
klegen,1
talok,1
dlanggu,1
ansuransi,1
lan,1
nyuwun,1
tulung,1
pemecahane,1
kangge,1
lancare,1
tandur,3
pantun,1
jajar,2
kegowo,1
amargi,1
topo,1
yotro,1
saking,1
tumbas,2
tampar,1
sing,2
mestine,1
kelompok,21
kalih,1
mantri,1
mulyana,1
namung,1
disukakne,1
ewu,1
terore,1
niku,1
hake,1
sak,2
enten,1
dados,1
dijaluk,1
dena,1
selisihe,1
regi,1
nek,1
rak,1
milo,1
suksese,1
perhatiane,1
mboten,1
percaya,1
saene,1
maturnuwun,1
gazal,1
kuala,4
enok,1
e-mail,1
gmail,1
revalidasi,1
terampil,1
pscrb,1
aff,1
bpip,1
waduk,3
rejono,1
pakolan,1
karangjati,1
ngawi,8
dam,2
budengan,1
joko,2
widodo,2
legundi,1
masayarkat,1
sawo,1
puhti,1
sidorejo,1
sembung,1
ringinanom,1
babatan,1
karangsono,1
bjn,10
tolonh,1
bendo,1
kapas,1
zaenuri,1
ketua,6
hippa,3
tayang,1
tengkulak,3
canga,1
pintu,3
kabalan,1
simbat,2
visi,1
lumbung,2
energi,1
pangan,13
ironis,2
perda,3
perbub,2
lpd,1
rtrw,1
hijau,2
pemda,1
mesti,1
paham,1
masy,1
singkron,1
aang,0
sukarna,0
sukaresmi,0
kadupandak,0
cianjur,1
teh,0
kelola,3
letak,2
sukakarya,0
sukanegara,0
aktivitas,1
sopandi,0
nihil,0
mediasi,0
medalem,1
eru,1
bupti,1
kelmpok,1
sekar,4
kasim,2
bnget,1
poska,1
urea,5
tlog,1
hargaya,1
dgan,1
het,1
gagal,8
maksud,1
subsidi,6
listrik,0
slmt,0
lmpu,0
pju,0
kyangan,0
prbaiki,0
trotoar,0
pejal,0
kaki,2
dagang,3
lha,0
klo,1
gtu,0
ditegasin,0
bukit,0
meranti,0
berida,0
poros,0
aspal,0
lintas,2
belanja,0
imak,0
renovasi,0
torotoar,0
terowongan,0
bengkalai,1
berangkal,0
sembarang,0
sambeng,0
sus,2
lorong,0
pnpm,0
tambang,3
pasir,2
kopata,0
daihatsu,0
tabel,1
kondektur,0
ngentol,0
mangkang-,0
penggaron,0
mangakang-terboyo,0
ongkos,0
rb-rb,1
terboyo-,0
kudus,0
terboyo-pati,0
metromini,0
kopaja,0
jauh-dekat,0
rute,0
koridor,0
tumpang,0
sidi,0
serep,0
atu,1
whose,0
decision,0
yours,0
the,0
one,0
you,0
chose,0
silah,0
survey,0
puas,0
lalin,0
kadishub,0
implementasi,0
infrastruktur,1
muh,0
jamil,0
kwh,0
tukar,1
jawirman,0
dolok,1
saribu,0
pln,1
mandoge,0
asah,0
rayon,0
pematang,0
siantar,0
ibadah,0
kamipak,0
gajahmad,0
much,0
suyudi,0
bitung,0
durasi,0
aktifitas,1
siak,0
gajahmada,0
bapa,0
ridwan,0
kamil,0
maranatha,0
suryasumantri,0
laju,0
kencang,0
hindar,0
halte,0
ketileng-meteseh-dinar,0
fungsi,2
tks,0
bulutangkis,0
mugas,0
cahaya,0
bulu,0
padam,0
trans,0
selter,0
jatingaleh,0
diblanjaannya,0
iya,1
jwb,0
halah,0
ayam,2
beku,0
elizabetyang,0
daging,0
bungkus,0
tempel,0
dituruninterimakasi,0
wifi,0
tam,0
krobokanforest,0
login,0
kopo-leuwi,0
modifikasi,1
becak,0
gerobak,0
iejajar,0
angkot,0
putar,0
lwt,0
imam,0
bonjol,0
tugu,0
muda,0
poncol,0
ijin,2
cikaso,0
rembes,0
bau,0
becek,0
anom,0
nyebrang,0
kampus,0
lawan,0
surut,0
copot,0
kaos,0
ngekos,0
gang,0
macan-gebang,0
maghrib,0
cuaca,1
pohon,1
petir,0
sisi,0
cth,0
slamet,0
riyadi,0
solo,0
mangkang,0
-kali,0
banteng,0
brlubang,0
jatuh,1
spbu,0
bis,1
wau,0
cctv,0
dperbaiki,0
lubang,0
kendaran,0
pantura,1
kendal,0
ungar,0
mepet,0
wanita,0
pake,1
siksa,0
lompat,0
jala,0
sopir,0
ugal-ugalan,0
tabrak,0
wkepada,0
pkl,0
lapak,0
psr,0
malabar,0
pegawaiw,0
punggutan,0
swudah,0
anjur,0
penampungawrus,0
lantas,0
iqbal,0
krapyak,0
seringkali,0
kirmir,0
gerus,0
murasari,0
pangkah,0
effendie,0
-rw,0
wonodri,0
daba,0
blnan,0
pkk,0
rt-pkk,0
rw-bapak-bapak,0
pinjam,3
wil,1
diurug,0
panggung,0
hut,0
ri-halal,0
bihalal,0
atap,0
divorslin,0
penyangga-atap,0
vorselin,0
parpol,0
peduli,2
cikutra,0
yani,0
basement,0
hilman,0
tegur,1
satpol,0
tetep,0
xtrans,0
batara,0
cihampelasmenggunakan,0
layang,0
pasopati,0
often,0
tetes,0
rawan,1
celaka,0
walkot,0
asap,1
ngalahin,0
emisi,0
titik,1
allhamdulillah,0
dah,1
inna,0
lillahi,0
waa,0
illaihi,0
rojii,0
persis,1
eks,0
pal,0
ang,1
nyaman,0
gorong,0
real,0
sasi,0
talud,0
-realisasi,0
sasasi,0
rtlh,0
jmlh,0
-pelaksanaan,0
serendah,0
lpmd,0
palang,0
shuttle,0
bsb,0
lambai,0
kernet,0
supirnya,0
pura,2
cangkiran-tawang,0
hirau,0
menit,0
brtnya,0
selanjutanya,0
bundar,0
lumayan,1
tanjak,0
uit,0
nyelonong,0
ngebut,0
ngegas,0
ngerem,0
kerjasamanya,1
customedr,0
which,0
guys,0
have,0
give,0
better,0
service,0
than,0
jago,0
mintain,0
duttle,0
mata,3
duduk,0
transportasi,0
perilaku,0
alami,5
complain,0
customer,1
update,0
manner,0
kraksaan,0
dirkeu,0
jkt,0
planggan,0
brabe,0
maron,0
probolinggo,0
wilkerj,0
prob,0
peb,0
termsk,0
sgr,1
tng,0
minyak,1
unt,0
fatchul,0
munir,0
idpel,0
perumnas,0
transport,0
damri,0
sedih,0
arteri,0
yos,0
sudarso,0
velg,0
gereja,0
holy,0
stadium,0
anjasmoro,0
zebra,0
kaeni,0
ninik,0
jagapura,0
gegesik,0
rapuh,0
bilik,0
bambu,0
sunter,0
mastengah,0
mastimur,0
danau,0
permai,0
sunterjaya,0
sumberagung,0
gawe,0
bluron,0
bebek,0
dal,0
mbet,0
barang,7
sbagian,0
omahku,0
wotanngare,0
kalitidu,1
jalok,0
bantuane,0
pedel,0
mbete,0
pol,0
kon,0
kamituo,0
kmtuo,0
jawape,0
ben,0
konsultan,0
cihampelas,0
mushola,0
aston,0
ajur,0
kabeh,0
paving,0
dakon-nemon,0
dander,0
akeh,0
muatane,0
biyen,0
nate,0
plang,0
dibujati,0
prangkat,0
diam,1
arwan,0
bencana,3
alam,4
kawengan,0
senthot,0
banyuurip,0
swun,0
normalisasi,1
bahu,0
mgkn,0
pasupati,0
cikapayang,0
bgtu,0
kalipancur,0
tumpu,1
kiri,0
kanan,0
telkom,0
speedy,0
murad,0
kemudi,0
kasar,0
kombinasi,0
sempurna,0
tombok,0
plat,0
beropersi,0
kencana,0
situasi,0
keadaanya,0
jenuh,0
gojek,0
argonya,0
nyoba,0
argo,0
protokol,0
kunjungin,0
bbm,1
pintas,0
terminal,0
rajabasa,0
retribusi,0
umkm,1
klge,0
sampeng,0
susak,0
masjid,0
baiturahman,0
akun,0
instagram,0
alexander,0
vanhelsing,0
blokir,0
jiplak,0
memposting,0
telkomsel,0
hendri,0
gusti,0
mberkahi,0
salam-rahel,0
randu,0
rumput,2
kudu,0
balai,1
transmigran,0
teget,0
pancar,0
jelobok,0
rime,0
gayo,0
bener,0
riah,0
nikmat,4
gelap,0
nov,0
transmigrasi,0
amph,0
transmigransi,0
golong,0
ramai,0
pesan,2
prostitusi,0
bookingbispak,0
weebly,0
william,0
ciujung,0
supratman,0
senggol,0
kaca,0
spion,0
jelek,0
sarana,2
mesin,3
gencar,0
ditraining,0
pta,0
kor,0
liat,0
kakek,0
didiemin,0
dicariin,0
hamil,0
disable,0
kyk,0
diem,0
cuek,0
ramah,1
sopan,0
langensari,0
blanakan,0
subang,1
jabar,2
tetang,0
paud,0
tpt,0
rab,0
kompleks,0
angkasa,0
mayor,0
persero,0
hanphone,0
seluler,0
bebas,2
gsm,0
cdma,0
made,0
produk,2
karya,2
bangsa,1
peluang,0
sebar,0
helvetia,0
asslamualaikum,0
knp,0
repot,0
ojek,0
selagi,0
mpu,0
kebijakanya,0
tabloid,0
warta,0
pemkap,0
prayitno,0
sugiharto,0
rengut,0
nyawa,0
empanang,0
kapuas,0
nelly,0
ttg,3
knalpot,0
hitam,3
pandang,0
kmrn,0
olahraga,0
polusi,0
udara,0
sejuk,0
sesak,0
napas,0
hebat,0
tari,0
museum,0
ranggawarsita,0
disalahgunakan,0
sangkut,1
purasari,0
puraseda,0
binamarga,0
lebar,0
mitra,1
organda,0
daring,0
oprasional,0
pelikan,0
dadali,0
jlnnya,0
lumpur,0
peleset,0
nunggu,1
yah,0
supir-supir,0
nyetir,0
serempet,0
trahkir,0
pepet,0
body,0
sperti,0
lambung,0
iv-,0
tourist,0
gunting,0
biro,0
tour,0
lancong,0
turis,0
nikmatin,0
suasana,0
tangulanggi,0
padamserdadu,0
kotalama,0
keren,0
oke,0
audio,0
voice,0
teriak,1
prpp,0
transit,0
anggraeni,0
acnya,0
nunik,0
fho,0
tataruang,0
lam,0
kepmendagri,0
pres,4
bunyi,0
klakson,0
febuari,0
krobokan,0
forest,0
giriwoyo,0
wonogiri,0
mengakibatkn,0
jokwi,0
roodkapje,0
fenomena,0
makanmayit,0
resah,3
biarpun,0
asi,0
konten,0
hina,0
mubazir,1
bhw,0
trakhir,0
tjd,0
kcelakaan,0
prof,1
hamka,0
ngaliyan,0
silayur,0
dpn,1
permata,0
kjadian,0
slalu,1
rem,0
blong,0
sgera,0
tdknya,0
mlewati,0
garuda,0
fatal,0
renggut,0
nampaknya,0
abai,1
sepele,0
peran,3
budiman,0
lindung,7
sll,0
allah,0
swt,0
aamiin,0
tronton,0
tarik,1
dpu,0
whataver,0
ayo,0
action,0
gitu,0
laka,0
bpi,0
kuat,1
tel,0
materi,0
kelok,0
assww,0
selokan,0
punten,0
dilapus,0
alternatif,0
sukarno,0
usdi,0
drainase,0
sumbat,0
jatimulya,0
gumuruh,0
nunggal,0
rupat,0
bengkal,0
msh,2
brlanjut,0
sawen,0
sumengko,0
aslm,1
pom,0
mini,1
dipertanggungjawabkan,0
nindak,0
oplos,0
nekan,0
premium,0
pertalit,0
pertamax,0
klu,1
dispbu,0
migas,0
nyimpen,0
lt-lt,0
timbun,0
balen,2
premeum,0
baros,1
sukataris,0
karangtengah,0
ngocor,0
wakil,2
suguh,0
dadang,0
gio,0
konsumen,0
sungguh,0
vlapor,0
wudhu,0
truvs,0
kaliketek,0
sja,0
membahayan,0
mengalihfungsikan,0
sumur,2
pertamina,0
ati,0
sejarah,0
pakta,0
wonocolo,0
musibah,1
nenek,0
moyang,0
bumd,0
teknis,1
bumdes,0
kelemahanya,0
karen,0
skill,0
rumit,0
ting,1
kpst,0
asosiasi,0
apsa,0
operasional,1
konraktor,0
namax,0
bolon,0
tangki,0
khan,0
gubernur,0
ciut,0
eksplorasi,0
anugrah,0
hirang,0
pasaman,0
produksi,3
jorong,0
salibawan,0
dilakukans,0
transparan,1
mukim,0
ladang,0
sumber,3
mayoritas,1
lumpu,0
panyaguangan,0
oertambangan,0
pengaruh,3
dangkal,2
simpul,0
social,0
koto,0
sundata,0
gas,2
disprindag,0
enim,0
mskin,0
ukur,2
melayu,0
cibitung,1
cikarang,0
suplai,0
nasi,0
kuning,0
ecer,1
tabung,2
distribusi,3
stabil,4
alangkah,0
partai,0
agen,1
jangkau,1
ciantra,0
bcm,0
wahana,2
kompor,0
deh,0
didpt,0
adaapa,0
palmerah,0
kalong,0
jwnnya,0
bli,0
dmn,0
hrus,0
agent,0
sndri,0
tnpa,0
payah,2
sdgkn,0
tngga,0
pontang,0
panting,0
nyari,0
poko,0
abis,0
males,0
nyarinya,0
soalnbkn,0
ngemis,0
kes,0
kya,0
pngemis,0
kmari,0
pndistribusian,0
drop,0
trtentu,0
pdgang,0
pdhl,0
knyataannya,0
dtimbun,0
djual,0
wrg,0
ttngga,0
slewat,0
bkalan,0
dksih,0
ngeluapin,0
unek,0
sbnernya,0
stiap,0
jwbnnya,0
rowo,0
limbah,1
ber,2
was,0
derasss,0
citandui,0
pinggir,1
tanggul,0
gusur,0
heryawan,0
rawamangun,0
pulo,1
gadung,0
elang,0
barusan,1
kecapi,0
kalibata,0
hambat,1
ujung,1
kontainer,0
tps,0
djoko,0
plastik,0
mie,0
instan,0
daur,0
mie-nya,0
se-indonesia,0
slamat,0
ajianto,0
msyarakat,0
umumx,0
barito,1
kirax,0
tintak,0
loging,0
cukongx,0
aception,0
sbgy,0
besarx,0
basrin,0
dok,0
umen,0
barut,0
upeti,0
skrang,0
kebayoran,0
mangga,0
koordinir,0
msalah,0
terna,4
larang,3
beton,0
dioprasikan,0
terimakasasih,0
kolong,0
haryono,0
stasiun,1
cawang,0
genang,0
calon,0
lempong,0
haryanto,0
longsor,0
pondasi,0
terboyo,0
hendrar,0
demak,0
rokok,1
city,0
walapun,0
siskamling,0
redaksi,0
sbb,0
curanmor,0
halang,1
pemilukada,0
jutru,0
pilkada,0
konsep,0
waliiii,0
luap,0
rintih,0
tangis,0
kamiiii,0
malem,0
bluber,0
pakk,0
bantaran,0
limpah,1
luber,0
pengerjaanya,0
terimabkasih,0
bun,1
tlogosari,0
kbanjiran,0
hendi-sugeng,0
ndalu,0
muktiharjo,0
lutut,0
dewasa,1
kebijaksanaanya,0
suwun-hermas,0
busway,0
gantung,1
perihal,2
dempel,0
benyamin,0
sueb,0
patung,0
ondel-ondel,0
rowosari,0
meteseh,0
lumpuh,0
pengkol,0
pramuka,0
pudakpayung,0
bkt,0
mbludak,0
bnjir,0
babon,0
roto,0
sar,0
hotel,0
waru,0
krisis,0
jebol,1
karangroto,0
landa,1
mlatiharjo,0
batusari,0
jim,0
sekrng,0
airny,0
gimn,0
tlogomulyo,0
cilosari,0
bugangan,0
kalianyar,0
tampung,3
basah,0
kubur,0
mtr,0
sis,0
segara,0
margo,1
batur,0
betonisasi,0
ruko,0
berulangkali,0
mandor,0
iren,0
rendam,0
ringan,2
rob,0
marunda,0
ppsu,0
kepa,0
bakti,0
karung,0
tumpul,0
mending,0
taro,0
tumpuk,1
pmrntah,0
kbupten,0
ketapang,0
duli,0
tmbang,0
emas,0
tumbang,0
titi,0
bas,1
lgkungan,0
assalamuallaikum,0
sampurasun,0
punteun,0
ngawageul,0
yudi,0
batununggal,0
srta,0
pelastik,0
kabel,0
stas,0
tikung,0
tamansari,0
team,0
wartawan,0
dikab,0
gundul,0
dishut,0
sihombing,0
perk,0
kelapa,4
sawit,4
turmatutung,0
nantalu,0
huta,0
rao,0
tomuan,0
holbung,0
aek,0
nagali,0
hektar,5
loba,0
dikec,0
kepayang,0
ledong,0
dprd,2
inti,0
palm,0
csil,0
ketur,0
thionghoa,0
cina,1
hgu,0
assmk,0
mangkas,0
mastrip,0
lebat,0
jakarya,0
komplen,0
mbuang,0
kantong,0
got,0
gera,0
edukasi,0
belimbing,0
bakung,1
ciracas,0
jaktim,0
lebhh,0
perbaikin,0
disperindag,0
sudin,0
hotline,0
posko,0
merespon,0
flyover,0
mranggen,0
lapis,0
ozon,0
sbgmna,0
dbawah,0
rawa,0
jakpus,0
sedap,0
kramat,0
senen,0
pasu,0
orange,0
kemuning,0
bakin,0
leny,0
tembok,0
korslet,0
sisa,0
aswrwb,0
asia,1
afrika,0
parfum,0
elite,0
tmpatnya,0
meutia,0
sebenernya,0
lelah,0
revitalisasi,0
nongkrong,0
iri,1
bener-bener,0
stressterimakasihsemoga,0
debit,0
helikopter,0
meta,0
mulua,0
ganjar,1
pranowo,0
semen,0
rembang,2
seyogyanya,0
mahkamah,0
tun,0
potensi,2
rampas,0
agraria,0
kendeng,0
taat,1
sepakat,0
mel,0
otista,0
penguna,0
bengawan,0
besah,0
keduk,0
suntermastengah,0
suntermas,0
jakut,0
busuk,0
sengat,0
ambon,0
cengkareng,0
lokasih,0
komplek,0
rintis,0
joglo,0
cuppa,0
coffee,0
sampoerna,0
strategic,0
pisah,0
sendelei,0
long,0
ikis,0
paser,0
bakau,0
nelayan,11
demokrat,0
gerinra,0
mochammad,0
imbar,0
bachrun,0
ciherang,0
meri,0
yoni,0
sidak,3
sukakarsa,0
mtrnwun,0
bodedar,0
leci,0
kaum,1
nga,0
huntara,0
ungsi,0
sabung,0
sukanalu,0
teran,0
singgarang,0
lau,0
kawar,0
gambar,0
siosar,0
hjn,0
hata,0
hol,0
koja,0
smph,0
tiem,0
kotor,1
kumuh,0
tuk,4
sranak,0
mrt,0
kebon,0
jend,0
sudirman,0
diponegoro,0
cik,0
ditiro,0
jarang,0
tebet,0
sapu,0
dimasukin,0
masukin,0
maphar,0
pmkotasmg,0
kecgenuksmg,0
bpbd,0
ganjarpranowo,0
pripun,0
cipadung,0
anu,0
ngabuang,0
solokan,0
pang,0
nyarekeun,0
mah,0
teu,0
didangu,0
dkampung,0
kalialang,0
hantam,0
dtengah,0
brongsong,0
dprbaiki,0
trmksh,0
kebjaksanaan,0
prhatiannya,0
rajin,0
kiyai,0
tapa,0
grogol,0
jeling,0
pulung,0
cur,0
yuliana,0
gki,0
pernias,0
bibir,1
soliosasi,0
hang,0
tanggl,0
seteru,0
ke-,1
bsr,0
gorontalo,0
calo,0
devina,0
pascayulinda,0
erdizawirom,0
lempongsari,0
ahli,2
prihadi,0
tambakan,0
tlh,0
blh,0
bravo,0
mnrt,0
hemat,2
himbauan,0
preventif,0
tumbuh,0
sadar,0
krg,0
kenan,1
smrg,0
cinta,0
adipura,0
kirana,0
wassalamu,0
cilentah,0
kayak,0
gada,0
anarkis,0
koran,0
wbsampurasun,0
cibiru,0
payuneun,0
borma,0
limbahna,0
warna,0
kentel,0
sareng,0
bauna,0
nyegak,0
pis,0
kagiatan,0
ieu,0
sababaraha,0
taun,1
pengker,0
negorkeun,0
tegor,0
hare,0
dugikeun,0
kyai,0
pandai,0
ngambilnya,0
tamanya,0
kontak,0
khodijah,0
gayam,1
katur,0
welasing,0
galih,0
bleduk,0
sami,0
sambat,1
krono,0
ngapunpen,0
ugi,0
sembah,1
derengipun,0
mampet,0
btuh,2
monggo,0
blusukan,0
memprihatikan,0
pemkotsmg,0
endap,0
nantimenyulitkan,0
bumirejo,0
puton,0
growong,0
trimulyo,0
daun,0
pompa,3
inci,0
ttd,0
ari,0
letjend,0
suprapto,0
pulogadung,0
monitor,0
cempaka,0
putih,0
pilangsari,0
pnambang,0
lngsor,0
sedot,3
tmbng,0
dkat,0
kampak,0
malo,1
cpt,0
dlanjuti,0
cium,0
wargi,0
jgn,0
menghimbau,0
urgent,0
efek,0
giling,6
jak-tim,0
kelar,0
rusun,0
aneka,0
elok,0
dilebarin,0
mentok,0
tuntas,0
lesanpuro,0
kebh,0
cikudapateuh,0
kolot,0
wilaya,1
ciperah,0
borong,0
gatot,0
subroto,0
tangkis,0
wai,0
sinar,1
pasmah,0
lamsel,0
mekar,0
palawija,2
racun,1
semprot,0
pestisida,3
sugeng,0
injang,0
mbh,4
wrgq,0
phijauan,0
ketok,1
soale,0
wedi,0
ngebruki,0
kpihak,0
brwenang,0
ampat,0
mlaten,0
kopi,0
dkp,0
hbungi,0
bhwa,1
dndr,0
ngsm,2
slnbin,0
prlu,0
segra,1
trllu,0
doyong,0
mmbahayakn,0
pngguna,0
tarji,3
cerobong,0
kain,0
perca,0
busa,0
bising,0
mebel,0
saudara,0
mat,1
rozi,0
apus,0
home,0
tungku,0
cat,0
tinner,0
setip,0
kost,0
razia,0
pesta,1
seks,0
risi,0
dbdpn,0
samsat,0
keras,2
toko,0
cepet,0
berwnang,0
akar,1
nampk,0
kropos,0
tepatny,0
mantan,0
banjarsri,0
parman,0
bakul,0
getuk,0
adangin,0
ucapkn,0
parlan,0
wslm,0
kalang,1
warungpring,0
malang,1
brantas-cihapit,0
kotabaru,0
kandidat,0
paslon,0
kpud,0
peovinsi,0
abg,0
muda-mudi,0
mabuk,0
rejosari,0
gumuk,0
benda,0
tajam,0
parang,0
balok,0
neon,0
ninja,0
suku,0
tanggulang,0
nyanyi,0
karaoke,0
istirahat,0
terkadang,1
berisik,0
menegor,0
weekend,0
telolet,0
main,2
bola,0
jumpalit,0
dentum,0
musik,0
kafe,0
sobber,0
menu,0
tip,0
rim,0
pokak,0
usir,0
resakj,0
tanahhutan,0
samanyakita,0
muka,0
sirna,0
ogan,1
komering,0
raharja,0
oku,0
soekarno-hatta,0
ums,0
balap,0
rangka,4
tumpas,0
politik,0
sara,1
buayan,0
plaku,0
jebak,0
lacak,0
sensor,0
bertangung,0
pidana,1
rahasia,1
bongkar,1
rajali,0
roliansyah,0
syallom,0
habib,0
rizieb,0
shihab,0
lambang,0
pancasila,0
extra,0
ketat,0
pasuk,0
doa,0
ramos,0
bawal,0
yesus,0
kati,0
ormas,0
bbr,0
anyar,0
turnamen,0
voli,0
rongga,0
ntk,0
dinodifikasi,0
gerobag,0
ugalan,0
kendali,1
saadah,0
karangarum,0
komunikasi,1
dkm,0
bdg-cihapit,0
cihapit,0
aceh,4
legal,1
risih,0
jukir,0
plus,0
satpam,0
lontar,0
cegah,0
martadinata,0
tilang,0
dompet,0
brigadir,0
galang,0
sungegeneng,0
sabu,0
kepul,2
derwan,0
kasat,0
reskrim,0
judi,0
rutinitas,0
birokrasi,0
detail,0
ken,0
audiensi,0
republik,2
metro,0
pmj,0
dit,0
reskrimun,0
lidi,0
perkara,0
energy,0
onwj,0
sucoffindo,0
efisi,0
akuntan,0
publik,0
sangka,2
dorojatun,0
ulur,0
koneksi,0
ngga,0
tidur,0
prapatan,0
suci,0
semena-mena,1
manajemen,1
apartemen,0
green,0
park,0
view,1
daan,0
mogot,0
verry,0
soetara,0
lift,0
full,0
target,0
subuh,0
senang,1
ancam,0
urusin,0
diponegoro-pusdai,0
mggu,0
supriyadi,0
copet,0
berpakain,0
b--spa,0
serampang,0
jemput,0
tri,11
nopol,0
unta,0
gubuk,0
tenang,0
raktis,0
jeanny,0
cafe,0
union,0
jack,0
setra,0
mall,0
bahan,3
usia,1
acara,1
live,0
music,0
developer,0
sera,0
rel,0
semi,0
permanent,0
wangon,0
pekan,0
sahkan,0
ampas,0
tolomg,0
rambutan,0
budi,0
rajalela,0
lepas,3
backing,0
diskot,0
amnesia,0
hiper,0
square,0
kedok,3
jamur,0
saki,0
ciumbuleuit,0
edm,0
clubbing,0
kostan,0
unpar,0
tawur,0
gudang,2
peluru,0
ynga,0
lari,0
aksi,0
pagarsih,0
sastra,0
tdi,0
tjokroaminoto,0
dipagarsih,0
didapuan,0
siri,0
mrk,1
astana,0
box,1
ngganggu,0
andir,0
swadaya,1
rongsok,0
carry,0
simpan,1
membahayakn,0
abadi,2
datangin,0
deptkumham,0
dulux,0
distributor,0
video,0
media,0
mainstream,0
facebook,0
joseph,0
thio,0
posts,0
nyupirnya,0
ditegor,0
ngebantah,0
gin,0
salahin,0
milih,0
gocar,0
tindaklanjutnya,0
aduuuh,0
jeger,0
ojeg,0
ganas,0
rsgm,0
unpad,0
istri,0
naek,0
gojeg,0
utan,0
laki,0
sepi,0
intip,0
adakan,0
patroli,0
gub,0
weleri,0
colt,0
sate,0
sapi,4
bumb,0
biliard,0
sport,0
indramayu,0
beking,0
ranger,0
lega,0
paruh,0
damayanti,0
kenanga,0
msk,1
sindang,0
okmum,0
parit,1
celana,0
biru,0
sodor,1
empunya,0
enteng,0
masyaallah,0
moral,0
allahuakbar,0
dideli,0
kapolrs,0
costa,0
matasinya,0
presidan,0
bantv,0
alpa,0
baner,0
provokasi,0
mampang,0
bong,0
studio,0
tmpt,0
tsm,0
megah,0
bgs,0
sareuksek,0
htr,0
provinisi,0
liberte,0
galery,0
lafayete,0
pacific,0
place,0
ngerokok,0
tni,0
leo,0
kawal,0
fuso,0
kajang,0
babrik,0
kedungwuni,0
kemis,0
villa,0
ugal,0
kamtibmas,0
dinding,0
wewenang,0
sanksi,0
siliwangi,1
puspanjolo,0
amarta,0
deret,0
kuniir,0
alit,0
bteh,0
kedik,0
ngantos,0
zak,0
nopo,0
subsudi,0
aspirasi,3
kur,0
prasarana,0
capai,4
serap,2
sila,0
gung,0
wirosari,0
koprasi,0
persen,3
pengmbilan,0
tegak,1
serba,0
utang,0
wiradesa,0
assalamualiku,1
nyoto,1
cendono,1
matapencaharian,1
cahari,3
sekira,1
investor,1
ditmpt,0
kav,1
teureup,0
pasirjati,0
ujungberung,0
suharto,0
kavling,0
wakut,0
unjung,0
daya,3
dikalimantan,0
klai,0
wahao,0
kelang,0
aset,1
rat,0
gelintir,0
sngt,0
akomodasi,0
gemah,0
heran,1
senin-minggu,0
kabur,0
pinangsia,0
roling,0
darimana,0
malacca,0
strait,0
epicentrum,0
sukarela,0
kalisari,0
disrh,0
totok,0
sukardi,0
karangturi,0
shp,0
keng,0
lancang,0
turi,0
petralite,0
solar,0
pangkal,0
wawa,0
jaini,0
ngaturi,0
perso,0
sakniki,0
wonten,1
kuota,0
tindaklanjuti,1
itc,0
glodok,0
walipembagian,0
dereng,0
klir,0
lho,0
ijine,0
ning,1
pikantuk,0
gino,0
jumari,0
manggeni,0
zona,0
sembako,2
nanging,0
sadean,0
tahuwah,0
sae,0
yen,0
mbiten,0
tertibkemtrnwn,0
tjandra,0
janto,0
dpr,1
komfirmasi,0
danaumatano,0
persada,0
sertifikas,0
central,0
tbk,0
shgb,0
kredit,1
rekomendasino,0
dir,0
pasal,3
mneyatakan,0
kuasa,0
laksa,0
hgb,0
tanag,0
rekomendasi,1
nasabah,0
estu,0
mulia,1
agun,0
roya,0
hutang,1
rpjuta,0
nabung,0
unsur,2
kprday,0
jebrod,0
rwbanggo,0
menganggu,0
harimat,0
smbut,0
olah,4
msyrkt,0
cjr,0
bilangkerja,0
gofan,0
katatanya,0
stadion,0
kerlap,0
lip,0
meja,0
standar,0
dadi,0
ojo,0
mihak,0
benner,0
iku,0
opo,0
pracangan,0
sulselbar,0
bone,0
proposal,2
ukm,0
minim,2
investasi,0
madani,0
jaiz,0
wonderia,0
simpanglima,0
pergatian,0
wicara,0
singkawang,0
sambas,0
goreng,0
curah,0
curang,1
tube,0
judul,0
tipu,0
ojk,0
salut,0
coin,0
life,0
eagle,0
golden,0
eye,0
robert,0
sofyan,0
had,0
casablanca,1
ijen,0
miliar,0
dipupera,0
dikalbar,0
spk,0
kolega,0
dada,1
tax,0
amnesty,0
print,0
file,0
tvku,0
kridit,0
wibawa,0
pujasera,0
menbutuhkan,0
astin,0
wirausaha,0
caterring,0
test,0
msakan,0
nwn,0
knk,0
impor,7
negri,0
jepang,2
iso,0
impore,0
bedane,0
sentral,0
makassar,1
brlangsung,0
pkp,0
kedondong,0
ternak,3
nila,1
matursuwun,1
belikan,2
tembang,0
kitap,0
junjung,0
supermasi,0
mbalen,0
curigen,0
ngunui,0
dol,0
pande,0
daton,0
kenek,0
perhatekno,0
karo,0
kui,0
neng,0
ngajukan,0
jamin,1
canang,0
patkur,0
multi,0
level,0
marketing,0
saham,0
jerit,4
kuniran,1
durun,1
mbesulu,1
purwosari,1
beras,5
cabe,1
ros,1
ttpi,1
sdangkan,1
hrg,1
bers,1
aryanto,0
iumk,0
mikro,1
sarat,0
petugase,0
daganganya,0
kanor,1
lamban,0
disiplin,0
mohammad,0
reza,0
januar,0
borobudur,0
rtgs,0
milyar,3
etis,0
akal,1
akh,0
ikat,0
notaris,0
akad,0
jargon,0
tulus,0
sppt,0
doble,0
saudari,0
yundarningsih,0
kompalin,0
rlapor,0
almt,0
margosari,0
baju,0
roti,0
bkrr,0
intim,0
pmdn,0
mamasa,0
cottage,0
bintang,1
rekreasi,0
hibur,0
kpts,0
bkpmd,0
klaim,1
dokumen,2
autentik,0
berserbelahan,0
set,0
vii,0
koordinasi,1
menujukkan,0
gugat,0
kracht,0
majelis,0
hakim,0
plan,0
tersbut,0
untung,3
pengambilalihan,0
kendari,0
bombana,0
kolaka,0
charly,0
frixson,0
baipan,0
agu,0
andi,0
agenda,1
dpm-ptsp,0
pd-pk,0
ngiri,0
atwpun,0
pjbt,0
pegembalian,0
grup,0
gara,1
trn,0
rpjt,0
ckp,0
sblmnya,0
sekalilagi,0
arifin-jambi,0
pamong,1
praja,0
pdo,1
smbat,2
gbah,1
dpatok,1
penggarapn,1
mmanen,1
mkan,1
dtotal,1
stengah,1
hetar,2
dperkirakn,1
ton,2
sumbut,1
ptani,1
mngalami,1
kbangkrutan,1
nawawi,1
kdungadem,1
paguyuban,0
keputusanya,0
elpiji,0
tuban,1
reword,0
profit,0
argumen,0
hiswana,0
admin,0
sukur,0
ptmnmohon,0
max,0
atupqan,0
lap,0
amin,1
kcmatan,0
medapat,0
bilangya,0
teryata,0
puya,0
bayak,0
kelurahaan,0
tangap,1
syart,0
sudh,0
peterongan,0
bsa,0
dikontrak-kontrakan,0
bawang,2
puruk,1
latu,0
aru,0
mask,1
haru,1
rganik,1
bleh,1
pemenrimtah,1
kedung,1
adem,1
paguyupan,0
kedungadem,0
betah,0
start,0
intruksi,0
saminoto,0
wbk,0
faktor,0
bimbinganya,0
los,0
dpmptsp,0
regulasi,1
monitoring,0
kolom,0
validasi,0
kabid,0
cipulir,0
kakilima,0
kuliner,0
pinang,0
dipaku-pakuin,0
sangga,0
tenda,0
wihara,0
priok,0
membrantas,0
wrwb,0
pdtw,0
ahir,0
korupsi,0
diniah,0
takmiliah,0
wushta,0
askum,1
mautanya,0
yangdapat,0
potokopi,0
akuorang,0
membutukan,0
trucuk,0
bapk,0
bpti,0
kdh,0
nepel,0
krena,0
gelandang,0
thu,0
perhatianya,2
ldk,0
kcu,0
padakartu,0
pemerin,1
raib,0
prnah,0
johan,0
hamdi,0
sunarno,0
asistensi,0
sosial,0
pnyandang,0
disabilitas,0
thap,0
dpotong,0
ktanya,1
bnarkah,0
persiden,0
kokowi,0
samasekali,0
nemu,0
gimama,0
zamroni,0
phk,0
ngambil,0
jht,0
mash,1
teru,0
kmn,0
terimakash,0
testing,0
cuti,0
bahwahan,0
bumn,1
dirut,0
engineers,0
aliansi,0
wicaksono,0
lalim,0
candra,0
bps,0
firmansyah,0
assesmen,0
kompetensi,0
rekayasa,1
reka,0
manipulasi,1
genap,0
waspada,0
prilaku,0
jasindo,0
services,0
ketenagakerjaan,0
sengsara,1
lesing,0
tulang,0
sandar,0
tai,0
buruh,3
panci,0
asalamu,0
bosan,0
benr,0
kucur,1
jelih,0
wasalam,1
selenggara,2
bpjstk,0
aditya,0
kpj,0
yati,0
enas,0
riswandi,0
kradenan,2
buar,0
nmor,0
registrasi,4
bgmna,0
infonyaterima,0
ndono,0
ngusulin,0
dipafing,0
pilioh,0
kepla,0
tanga,0
haryadi,0
sunarti,0
onta,0
kucing,0
kedaton,1
nungu,0
engak,0
asslammualikum,0
tuna,0
rungu,0
pamanya,0
jagankan,0
walaikum,0
ggrwf,0
tuntung,0
pancur,0
mnylrkn,0
klhn,0
mngnai,0
wlau,0
brgnti,0
mmbthkn,0
pnopng,0
kbthn,0
klrga,0
murlinah,0
bertnya,0
kpan,1
kluar,0
pademangan,0
brandon,0
belas,0
emper,0
neni,0
tman,0
pmilik,0
kangto,0
serorang,0
jnda,0
aga,0
campur,2
kandang,1
sbelum,0
liput,0
tolnng,0
utus,0
ngecek,0
kmarin,0
dngar,0
suparto,0
astuti,0
ckuwla,0
kanwil,0
karawang,0
kurniawanno,0
--hub,0
kerjasaya,0
email,3
pegajuan,0
maxsimal,0
xjam,0
kepengurusannyaterimakasih,0
marsini,0
adisana,0
kebasen,0
bms,0
bansos,1
trmsuk,0
orng,1
trsebut,0
nhf,0
saein,0
rahayu,0
tiara,0
sella,0
ipuh,0
ambulance,0
ayat,2
otoritas,0
ptun,0
triliun,1
dapentel,0
ditkompen,0
investigasi,0
pensium,0
dapen,0
sah,0
padasugih,0
brebes,0
ngasih,0
tuturkata,0
rayat,0
kcil,0
ptt,0
terserbut,0
segitu,0
pustakawan,0
antonius,0
teuku,0
umar,0
kopas,0
reptip,0
syamsudin,0
wat,0
sarmi,0
kelurga,0
sbagai,0
umk,0
amen,0
mingu,0
manga,0
wisma,0
atlit,0
abip,0
mck,0
dipake,0
ngraho,1
emcl,0
taruna,0
kegunaanya,0
kroscek,0
sukiran,0
sl---,0
sarjana,0
deverindo,0
indograha,0
somerset,0
and,1
serviced,0
residence,0
pokok,1
disnaker,0
rekan,2
sangon,0
achmad,0
zainuddin,0
widatra,0
bhakti,0
pandaan,0
outsorsing,0
outsourcing,0
shelter,0
nusa,0
sni,0
mampir,0
over,0
time,0
ali,1
nominal,0
robini,0
sandang,0
nyengseret,0
situsaeur,0
progam,0
watt,0
banxu,0
urip,0
lht,0
lokal,1
bnxak,0
gembor,0
janggan,0
hanxa,0
ngurusi,0
ajah,0
ring,0
ngangur,0
ngapain,0
jambar,0
mungkn,0
bnxu,0
bgmana,0
caran,0
disnakertransos,0
bgoro,0
lstrik,0
rung,0
psang,0
thun,1
jane,0
enek,0
tora,0
bmak,0
mbal,0
tulng,0
sampekno,0
ngeneki,0
carane,0
mateni,0
cilik,0
alun,0
jare,0
ape,0
endi,0
buktine,0
dadak,0
ono,0
gofun,0
bangkrut,0
dadekno,0
banxak,0
penganguran,0
pemakae,0
lestrek,0
bru,1
kwhnya,0
ngisi,0
paut,0
bagaemana,0
tandang,0
gawene,0
biyarkan,0
gni,0
simpel,0
udbh,0
ter,0
tmbhdaya,0
asyarakat,0
byangkan,0
irong,0
anggerwong,0
kulkas,0
nejikon,0
wayer,0
moderen,0
nengikuti,0
pentol,0
asslamu,0
kng,0
surro,0
kmrin,0
trjadi,0
kntor,0
klmpok,0
kerjo,1
ijasah,0
mpun,0
mergi,0
lgs,0
pengene,0
bkdo,0
nyambut,0
padosne,0
pendamelan,0
prakternya,0
-malam,0
trkadang,0
dberi,1
resign,0
dlu,0
tekan,2
umr,0
omas,0
bpak,1
terhurma,1
mengei,1
phoska,1
mintak,2
kataya,1
analisa,1
petan,1
sampel,1
dianalisa,1
ide,2
cerdas,1
semangat,2
sektor,2
pmerintah,1
terhadp,1
grenjengan,1
mere,1
layu,1
suwon,1
suhairi,1
margomulyo,2
dukuh,1
dayon,1
trmakasih,1
joy,1
margomulyo-balen-bojonegoro,1
assl,1
pss,1
tah,1
sdng,1
pencentakan,2
atar,2
umarelom,2
pkn,2
erosi,2
way,2
kandaway,2
disperta,1
sendangharjo,1
ngasem,2
didpan,1
rmah,1
embung,9
syang,1
rumbuke,1
amit,1
mlah,1
sarang,1
ular,1
musang,1
rboh,1
sedan,1
brgerak,1
lpor,1
kwenangan,1
ngaglik,1
sedeng,1
areal,2
pungsi,2
dinar,1
janggir,1
leto,1
panei,1
cocok,2
daerahkami,1
mubajir,1
selmat,0
spesialis,0
bidan,0
halil,0
e-id,0
bpjs-nya,0
kaget,0
tunda,0
sumsel,0
kadaluwarsa,0
angka,0
kemas,0
kadaluarsa,0
dreamdelion,0
zaenal,0
abidin,0
pelosok,0
konsultasi,0
terimakasihmohon,0
madiun,0
stok,0
darah,0
pmi,0
e-idnya,0
kjs,0
ambeien,0
sebelumny,0
berkluarga,0
sendri,0
blom,0
reg,0
junaidi,0
srd,0
ddan,0
novila,0
derita,0
empedu,0
eswl,0
vip,0
vvip,0
oprasi,0
saei,0
asih,0
serang,6
slallu,0
jadwl,0
dluan,0
bseniur,0
acc,0
pdf,0
instruksi,0
tombol,1
klik,1
kah,0
bagaiman,0
fktp,0
tega,2
demam,0
asuransi,6
standard,0
human,0
resources,0
arnold,0
christian,0
manansang,0
ferdinand,0
gracius,0
acmanansang,0
afc,0
bpom,1
kppn,0
individu,0
satker,0
deputi,0
direspon,1
bayung,0
lencir,0
medis,0
degan,0
maks,0
emergency,0
ysh,0
erli,0
spertinya,0
sedimentasi,0
wis,0
luwih,0
ora,0
ditakok,0
nomber,0
telpon,0
kara,0
uiran,0
kosasih,0
bulak,0
referensi,0
jmlbulan,0
lie,0
tjeng,0
hian,0
harijanto,0
idr,0
ylang,0
ginjal,0
semiggu,0
sitem,0
capd,0
continous,0
ambulatory,0
peritoneal,0
dialysis,0
dicover,0
hardianto,0
saputro,0
nita,0
sesar,0
pukesmas,0
utnuk,0
due,0
date,0
meitri,0
paramita,0
kcp,0
parung,0
call,0
centre,0
kpc,0
puspiptek,0
kece,1
mobile,0
nyangkutnya,0
matahari,0
sleman,0
yogyakarta,1
siklus,0
pelana,0
kuda,0
eskalasi,0
bashar,0
dtg,0
loh,0
verifikasi,0
ecek,1
mandir,0
sumse,0
apkah,0
aktifin,0
gotong,1
royong,1
tercover,0
cover,0
soalny,0
kartuny,0
iurany,0
bjps,0
claim,0
mendaftat,0
abral,0
merdeka,0
pontianak,0
nada,0
temen,0
feny,0
santun,0
sucir,0
jamkesda,0
apotik,0
bela,0
bodoh,2
lembaga,4
kambing,1
istana,0
puji,0
seluruhh,0
kliwon,0
sitorus,0
apoteker,0
assalamualikum,0
via,0
fdp,0
unduh,0
dear,0
uptd,0
doktir,0
tawar,1
sia,1
hon,0
posyandu,0
lowong,0
sukarelawan,0
-adminvanz-,0
raat,0
toilet,0
terhomat,1
sebelumya,0
kepoh,0
woro,0
sidonganti,0
tlogorejo,0
pukismas,0
meningal,0
konfermasi,0
tangapanya,0
seleksi,0
tubel,0
kemenkes,0
laman,0
gembira,0
dinkes,0
bppsdm,0
telp,0
dikjut,0
sktp,0
acu,0
str,0
mona,0
keb,0
mtkp,0
pirihal,0
ibi,0
ranting,0
kolektif,0
asisten,0
poin,1
dupak,0
farmasi,0
plamboyan,0
nyumbat,0
pasen,0
brevynella,0
herny,0
ocvian,0
idi,0
kacamata,0
cahayatiara,0
mustika,0
scientific,0
e-suka,0
sop,1
beacukai,0
iklim,0
mengcover,0
kecuali,0
tangsel,0
engga,0
belatung,0
jadual,0
geyer,0
grobogan,1
menandatangani,0
skp,1
kad,1
dikbud,0
kabag,0
dikdas,0
struktural,0
linear,0
bangli,0
kriminalisasi,0
kurikulum,0
internasional,0
sukses,2
sibuk,1
absen,1
siswadi,0
wirawan,1
asril,0
krawang,0
nyambi,0
sejahtrannya,0
gerogot,0
koruptor,0
kau,0
grogoti,0
valet,0
andry,0
sembiring,0
pencil,0
koleksi,0
pustaka,0
kelulus,0
konvoi,0
tercorat-coret,0
pilok,0
assalamualakum,0
shun,0
kejurprov,0
cas,0
kasiih,0
tym,0
rfdbk,0
tblzg,0
periode,0
fajar,0
kelanjutanya,0
bahasa,0
inggris,0
seni,0
banjar,0
jenjang,0
banjarmasin,0
penghulu,0
memberitahukan,0
limau,0
pchl,0
departemen,2
nawacita,0
qfzm,0
karmila,0
pxago,0
klarifikasi,2
risnandar,0
nrg,0
muncang,0
lebak,0
sinkronisasi,0
perhatosanipun,0
palangsari,0
puspo,0
plengsengan,0
purwanto,0
sidiknas,0
anut,0
prestasi,0
karier,0
tuntut,2
intelektual,0
makna,0
kreatif,0
dinamis,0
dialogis,0
komitmen,1
mutu,1
teladan,0
profesi,1
hindu,0
linier,0
apbs,0
jum,0
tkj,0
tkr,0
akt,0
xii,0
ktsp,0
kbm,0
alasanya,1
beliau,1
musyawarah,0
mkks,0
diangakat,0
tifak,0
apabiala,0
kbmnya,0
tara,0
rombel,0
sisdiknas,0
kuripan,0
ljk,0
dhxfp,0
ditaan,0
gbpns,0
tempuh,0
ppdb,0
pdsipdki,0
recomendasi,0
skhun,0
latar,0
yusak,0
jakson,0
selat,0
syrat,0
abdullah,0
al-mujtama,0
madura,0
iii-a,0
digit,0
---,0
manggarai,1
kemendikbud,0
tada,0
yanwar,0
tatap,0
miris,0
porsi,1
pradana,0
widyo,0
mandailing,0
vervalptk,0
mengupload,0
upload,0
progress,0
progres,0
aktivasi,0
pnsd,0
kalah,2
minimum,0
lbh,1
ain,0
siduaori,0
nias,0
pasca,0
gempa,0
bumi,0
rehabilitasi,0
bopda,0
simokerto,0
mataleuno,0
pakue,0
jarak,0
ham,0
njajal,0
setu,0
jastek,0
bocah,0
sekolahe,0
nok,0
adoh,0
zonane,0
curiga,0
mollo,0
npsn,0
noinbila,0
timor,0
drs,0
jesaya,0
banoet,0
kamidewan,0
langgsung,0
rabs,0
usang,0
sedekah,0
rapotan,0
pandan,0
wangi,0
ranap,0
seka,0
dahlian,0
tukal,0
abab,0
lematang,0
ilir,1
pali,0
meyampaikan,0
panukal,0
gunung,0
sukaraja,0
kualifikasi,1
serendah-rendahnya,0
point,1
bab,0
inpasing,0
direktur,0
jenderal,1
wassalmualaikum,0
sktp-nya,0
lomba,1
olimpiade,0
bismiilaahirrahmaanirrahiim,0
assalaamualaikum,0
warahmatullahi,0
wabarakatuh,0
sadida,0
fatimah,0
ipa,0
pentas,0
flsn,0
bimbing,1
juara,0
musabaqah,0
hifzhil,0
quran,0
mhq,0
kaligrafi,0
febriana,0
kreasi,1
busana,0
muslim,0
konsumsi,0
mgmp,0
kejut,0
kontingen,0
batik,0
salman,0
al-farisi,0
tahfizh,0
diberitahukan,0
berangkat,0
purwakarta,0
diberitahu,0
anjak,0
sains,0
drastis,0
akselerasi,0
slogan,0
akademik,0
non-akademik,0
mari,1
aspek,0
wassalaamualaikum,0
warahmatullaahi,0
nis,0
alfaridzi,0
sugihwaras,1
perbup,0
maximal,0
tampil,0
erllina,0
sindhu,0
neneng,0
rokhaniawarti,0
validasinya,0
dayani,0
pjok,0
diinput,0
konversi,0
scan,0
singorojo,0
rombong,0
pgsiuo,0
psikologi,0
provinasi,0
cipete,0
harum,1
kancah,0
pagelaran,0
kompetisi,0
saman,0
wales,0
united,0
kingdom,0
kekecawaan,0
dasril,0
basri,0
jusuf,0
kalla,0
sekretaris,0
kabinet,0
anung,0
wibowo,0
pan,0
reformasi,0
asman,0
abnur,0
repubik,0
setya,0
novanto,0
komisi,1
riefky,0
harsya,0
muhajir,0
effendy,0
hamid,0
purwadi,0
sutanto,0
plt,0
djarot,0
saiful,0
hidayat,0
andrianto,0
bowo,0
irianto,0
fathurin,0
zen,0
adm,0
samlawi,0
rita,0
nurmastuti,0
dra,0
rosana,0
endang,0
hartini,0
matasio,4
rote,4
ndao,4
panggan,0
banjarejo,0
sumberrejo,0
solopellehi,0
warsono,0
gapoktan,9
twm,0
rdkk,2
intansi,0
uuri,2
log,0
tan,13
hibah,2
nia,1
dale,1
simak,0
ngajum,0
tebu,0
stimpal,0
keringat,0
bayang,3
cangkul,0
trenggalek,0
non-subsidi,1
kranggan,0
tablet,1
hrga,1
gapokta,0
cekal,1
ppl,2
legalitas,0
pantai,4
pasok,0
garam,1
baku,2
non-yodium,0
cekik,0
leher,1
asin,1
terasi,0
kartel,1
mekarjaya,0
compreng,0
musin,0
virus,1
hama,2
ref,0
fwt,0
gal,0
flora,0
tirta,1
indonesian,0
sustainable,0
oil,0
system,0
ispo,0
auditor,0
ketidaksesuaian,0
iup,0
integrasi,0
padu,0
cpo,0
pko,0
ukl,0
upl,0
salin,0
imb,0
pu-ck,0
sekretariat,0
prinsip,1
ip-pb,0
bppt-pm,0
pel,0
profil,0
linda,0
herawati,0
komposisi,0
mala,0
mukti,0
llm,0
pks,0
revisi,1
addendum,0
diktum,0
kempat,0
pmks,0
disbun,0
ceo,0
matilh,0
mhal,0
lgi,0
ldang,0
brapa,0
jendral,1
waled,1
wld,1
kep,1
rekomondasi,1
rdk,1
sebetunya,1
lurus,1
keruk,1
primer,1
saluan,1
sekunder,3
suplay,1
bendung,5
sukra,0
karanglayung,0
rambu,0
lalu-,0
menyebrangi,0
vital,0
pltu,0
patrol,0
mudik,0
menyebrang,0
daliwangun,1
sugio,1
medali,1
kelopok,3
wabah,1
suluh,5
gandum,1
kue,1
non-gandum,1
pacu,1
tepung,2
nglarangan,1
candi,1
esed,1
belak,1
beng,1
kong,1
tambahluhur,1
purbolinggo,1
kolam,2
hewan,2
progressnya,1
yuli,2
sentolo,1
progo,2
diy,2
assalamua,1
terimakasiah,1
jeruklegi,1
monopoli,1
wilbin,1
bantuaan,1
benih,6
barangkali,1
buai,1
penyabab,1
plapis,1
tebing,2
uras,1
sbelumny,1
bntuany,1
brharap,1
lpangan,1
kecamaatan,1
rantau,1
alai,1
alokasi,2
tbs,2
toke,1
samar,1
kernek,1
pengamgkut,1
phonska,1
kayutrejo,1
sekaralas,1
widodaren,1
sundep,1
dlingo,1
banyuroto,1
nanggulan,1
pangilan,1
sunardi,1
pontanakayang,1
lembahada,1
bojo,1
ekor,1
sehiingga,1
risau,1
musuh,1
identita,1
peberima,1
bernma,1
mksut,1
menglmi,1
sebnyk,1
kecambah,1
sawi,1
ppks,1
trnyata,1
engadaan,1
teraebut,1
biji,2
fitri,1
hawa,1
coklat,2
caringin,1
jeruk,1
nyelap,1
situmekar,1
kapur,4
organik,2
damai,1
gampong,1
cot,1
girek,1
asasi,1
indu,1
e-proposal,1
jaroe,1
diateuh,1
jeumpa,1
wangie,1
hampar,1
gembala,1
hmt,1
kinggres,1
swasembada,5
hewani,1
patin,1
kurus,1
capek,1
pancing,1
mancing,1
jagung,8
hibrida,1
varietas,1
nebus,1
lia,1
tembakau,1
kemarau,3
syukur,1
produsen,1
djarum,1
problem,1
kuantitas,1
kesah,1
berkunjug,1
diskusi,1
cokroaminoto,0
hasanuddin,0
naripan,0
sony,0
erecion,0
bypass,0
cikidang,0
sebahagian,0
saifuddin,0
modong,0
lampau,0
re-post,0
leuwinanggung,0
cimanggis,0
jagorawi,0
separoh,0
antre,0
kilometer,0
annya,0
herbal,0
deka,0
sebelo,0
divisi,0
dayeuh,0
naser,0
mngajukan,0
natuna,0
mianggas,0
warmar,0
puspowarno,0
wotan,0
ngare,0
tambal,0
gemar,0
maksih,0
asslam,0
mualaikum,0
lorok,0
cor,0
mnhs,0
tuutu,0
penyipangan,0
tebal,0
tipis,0
pamesi,0
mandau,0
mndapatkan,0
muriniwood,0
alakadarnya,0
mnuju,0
kayangan,0
ngunut,0
gendon,0
nasmoco,0
hery,0
gelugur,0
sinyalir,0
bestek,0
harganet,0
sub,0
mentrun,0
kubitase,0
pasarburung,0
las,0
retak,1
gombel,0
ariloka,0
speda,0
atensi,0
tutik,0
tawang,0
erma,0
tito,0
menggambil,0
kemudiaan,0
tenteng,0
rigit,0
turap,0
kulit,0
pimpro,0
mulus,0
ukp,0
instutusi,0
bubus,0
tajuk,0
paloh,0
propenas,0
ambah,0
tkp,1
gelombang,0
bubakan,0
licin,0
wasalamualaikum,0
bigau,0
kedungmundu-halte,0
unimus,0
-pom,0
trim,0
pakhendi,0
yudha,0
bugen,0
bangetayu,0
tiang,1
unnes,0
minahasa,0
wawalintouan,0
krans,0
tante,0
ola,0
buahbatu,0
att,0
water,0
ways,0
aquadac,0
lbr,0
tapung,0
ijinkan,0
alhidayah,0
kompensasi,0
kupang,0
diskrimasi,0
terbang,0
alor,0
mesan,0
tiket,0
check,1
wita,0
maskapai,0
wings,0
lion,0
pesawat,0
boarding,0
puku,0
delay,0
berinisatif,0
gate,0
executive,0
lounge,0
kesan,0
cenderung,1
class,0
low,0
cos,0
carrier,0
container,0
sbn,0
priuk,0
celah,0
resnya,0
tas,0
jt-,0
bagasi,0
segel,0
resletting,0
reslettingnya,0
karaya,0
kualanamu,0
darat,1
pir,0
selang,0
anliya,0
sabar,0
phb,0
dialihfungsikan,0
counter,0
fare,0
adjustment,0
reroute,0
refund,0
cancellation,0
reschedule,0
julan,0
show,0
bakauheni,0
tarip,0
flight,0
inten,0
di-hold,0
landas,0
amblas,0
take,0
off,0
nabire,0
tebang,3
padangbai,0
layar,2
soetta,0
kordinasi,0
thai,0
komveyor,0
belt,0
bangkok,0
don,0
mueang,0
arena,0
dermaga,0
signifikan,0
moda,0
masalembu,0
sumenep,0
perak,0
rebut,0
cekcok,0
passanger,0
risfa,0
yolanda,0
may,0
nadim,0
bth,0
cgk,0
koper,0
tag,0
porter,0
checkin,0
lost,0
found,0
stay,0
walisongo,0
rincian,0
wanda,0
has,0
prosesur,0
care,0
customercare,0
lionair,0
besertq,0
mista,0
pil,0
btc,0
sembari,0
dering,0
didlm,0
faulting,0
ditlpn,0
ditgl,0
report,0
rincikan,0
checklist,0
sesampinya,0
dibatam,0
station,0
origin,0
penasaran,0
junpai,0
audi,0
kekeh,0
bertemubdengan,0
oun,0
least,0
didapt,0
menminta,0
hard,0
document,1
departement,0
kpl,1
penumpan,0
bonkar,0
kplp,0
tatan,0
penyebrangan,0
sape,0
waikelo,0
asdp,0
bmkg,0
fak-fak-ambon,0
norfriyona,0
detsy,0
paliyama,0
travel,1
refound,0
sedngkan,0
sanggup,1
haarus,0
secepaatnya,0
bozaqz,0
jkt-sby,0
-an,0
jakarta-manado,0
jun,0
hub,0
elak,1
manado,0
asam,1
jabung,0
pertalite,0
komplot,0
sms-hp,0
jerigen,0
pengcer,0
sahih,0
liter,1
dillapangan,0
tengkar,0
mngisi,0
puncak,0
tatkala,0
comal,0
ulujami,0
ampelgading,0
mohoj,0
tanggapanya,0
subdepo,0
juha,0
koakong,0
-minggu,0
pink,0
dilaunching,0
jayapura,0
sentani,0
tipe,0
manokwari,0
regional,0
wawancara,0
januari-maret,0
langkat,0
tembongwah,0
balapulang,0
pendopo,0
ambulu,0
balung,0
news,0
read,0
jelang-lebaran-warga-jember-kesulitan-cari-elpiji--kilogram,0
suzuki,0
smash,0
singgah,0
darmaga,0
isis,0
protes,0
premiun,0
mineral,0
charta,0
basis,1
bangkit,0
biomasa,0
pltbm,0
tawa,0
kronologi,0
mcc,0
compact,0
amanat,0
mca-indonesia,0
bappenas,0
produktivitas,0
fosil,0
meningkakan,0
loksai,0
prosperity,0
pembanguna,0
studi,1
mang,0
rangkai,0
kepulauwan,0
kampanye,0
-bupati,0
-dalam,0
-pelapor,0
-sikap,0
tidakjelas,0
siberut,0
amerika,0
serikat,0
tenggat,0
tolonng,0
cikarang-cibarusah-jonggol,0
karenatidak,0
siman,0
halisi,0
kolhua,0
maulafa,0
inedia,0
matrial,0
tandon,0
san,0
antonio,0
shopping,0
street,0
pakuwon,0
reaksi,0
kerjasama,1
pertamini-ilegal,0
skema,0
g-lite,0
republika,0
makro,0
ovwkt-hiswana-migas-buka--spbu-mini-tahun-ini,0
taut,0
breakingnews,0
bph-migas-atur-eceran-pertamini,0
bph,0
direktorat,0
esdm,1
sub-penyalur,0
dirjen,1
skala,0
lisensi,0
konvensional,0
kristiono,0
tabun,0
undi,0
hermawan,0
cigkal,0
kln,0
alah,0
wss,0
listtik,0
milyaran,1
-rp,0
ngringo,0
jaten,0
mayarakat,0
survei,1
tahai,0
basarang,0
syamsul,0
huma,0
heru,0
kenderaan,0
petalite,0
bontang,0
batahan,0
lalu-lalang,0
sorong,0
tab,0
taruh,0
drum,0
bulustalan,0
bright,0
belki,0
pagersalamkel,0
mangunsari,0
gunungpatimohon,0
tindakanya,0
klepu,0
keling,0
jjuga,0
aera,0
kekawatiran,0
kawan,0
minerba,0
padar,0
clean,0
clear,0
cnc,0
langkah,1
cakra,0
timah,1
perisai,0
gubenur,0
lereng,0
kemiren,0
kaliurang,0
srumbung,0
sentuh,1
kebonagung,0
pinonobatuan,0
dumoga,1
bolaang,0
mongondow,0
bijih,0
nudur,0
bencah,0
gegas,0
babel,0
jig,0
reni,0
bahagia,0
sederhana,1
rumor,0
sirtukil,0
alung,0
korong,0
balah,0
hilie,0
sikabu,0
yusmadi,0
ambruk,0
tonasse,0
dibacking,0
buruak,0
cibinong,0
tonase,0
unggal,0
poe,0
hirup,0
portal,0
kilah,0
apbd-p,0
sembrono,0
lalang,0
tepi,0
sangu,0
gesangan,0
pleyer,0
pihakbjn,0
diskitar,0
betet,0
kmarau,0
meneyelesaikan,0
betuk,0
tabir,0
rangin,0
gara-gara,0
rambak,0
chevron,0
cimaja,0
pikiran-rakyat,0
jawa-barat,0
bkdk-tolak-penambangan-batu-di-sungai-cimaja,0
cikondang,0
kancana,0
tmb,0
dpsap,0
explorasi,0
kenyataanya,0
exploitasi,0
memperjualbelikan,0
semesta,0
mining,0
neo,0
paramindo,0
paramount,0
australia,0
cikndang,0
makuta,0
sinergy,0
guci,0
kaur,0
negatif,0
-ribuan,0
garap,3
sungau,0
diijinkan,0
reboisasi,0
karakter,0
plta,0
dampat,0
chandra,0
mnggunakan,0
pick-up,0
ludes,0
dibli,0
baliho,0
segenap,0
digital,0
prabu,0
kiansantang,0
sangiang,0
sindir,0
loncat,0
jrbm,0
proces,0
plant,0
gold,0
room,0
sarikat,0
puk-spsi,0
spsi,0
management,0
skorsing,0
papar,0
logam,0
mercury,0
laboratorium,0
nllairujukan,0
urine,0
ubj,0
ulat,0
taxi,0
sweping,0
bentor,0
terror,0
panakukang,0
boulevard,0
disweping,0
arwana,0
jagal,0
rtm,0
pelihara,0
anjing,0
tujuh,0
hayam,0
wuruk,0
plaza,1
palangkaraya,0
menteng,0
embang,0
babi,0
aroma,0
pancang,0
lrt,0
gading,0
gangsa,0
talu,0
rajawali,0
metode,0
pucuk,0
julang,0
penoppingan,0
hoek,0
vila,0
seman,0
kalideres,0
suwignyo,0
maleber,0
konsekwensi,0
situt,0
mahmud,0
khatulistiwa,0
angin,2
juntai,0
ledak,0
percik,0
krnatersambar,0
berlian,0
jmlah,0
konsekwesi,0
landak,1
banjarsari,0
sengketa,0
qlue,0
pembuangn,0
mendut,0
senantiasa,0
nafkah,1
sediakala,0
lapohendi,0
pandean,0
sembilan,0
gatal,0
bambang,0
songsong,0
bunuh,0
gersang,0
pakan,1
belalang,0
rasyid,0
liun,0
sakim,0
ketidakbecusan,0
resap,0
sanak,0
menantu,0
etik,0
pinggang,0
reda,0
downsyndrome,0
manula,0
burung,0
dara,0
timotius,0
ahad,0
estate,0
ciledug,0
push,0
biopori,0
fasos,0
pavling,0
bksda,0
pulou,0
master,0
kontes,0
bengkok,0
fecebook,0
generasi,2
posisi,0
chase,0
vinci,0
sultra,0
muna,1
batalaiworu,0
kodim,0
donkk,0
kalu,0
masyakat,0
apalgi,0
asslm,0
tpst,0
sndiri,1
mnjadi,0
biogas,0
kompos,2
iza,0
jauhari-kalitidu,0
garden,0
josef,0
dsb,1
cigadung,0
jeep,0
jemur,0
jagakarsa,0
griya,0
anak-,1
jawat,0
tpa,0
kemiri,0
beraktifitas,0
jendela,0
guyur,0
datuk,0
dado,0
pangean,0
antan,0
singingi,0
sola,0
men-lhk-sekjen,0
ulayat,0
adat,0
pengean,0
senjang,0
kehutananan,0
hardcopy,0
datuak,0
sainudin,0
bahari,0
debu,0
batubara,0
bongkarmuat,0
pelindo,0
polutan,0
ispa,0
klhk,0
picu,0
kanker,0
paru,0
post,0
thejakartapost,0
residents-face-more-coal-pollution-muara-bahari,0
html,0
duwe,0
padangsambian,0
klod,0
denpasar,0
lumut,0
robok,0
butir,0
nafas,0
lingkugan,0
sambi,0
mafia,0
konveksi,0
rentan,0
berijin,0
ragunan,0
jatipadang,0
populasi,0
basmi,0
rabies,0
tokso,0
gigit,0
mnc,0
mediacom,0
malaka,0
permanen,0
klem,0
labansari,0
cibeet,0
kikis,0
kartini,0
sepakbola,0
tinja,0
mual,0
sentra,3
cibuntu,0
notabene,1
kontaminasi,0
jpu,0
bunderan,0
shatta,0
tpu,0
tong,0
puasa,0
lsr,0
panitera,0
lusda,0
astri,0
sunarty,0
advokat,0
sahid,0
floor,1
suite,0
viii,0
divre,0
sb-,0
pdt,0
yudisial,0
cla,0
dkk,0
law,0
office,0
partners,0
kma,0
kasasi,0
azhar,0
bua,0
memo,0
resepsonis,0
resepsionis,0
klien,0
quo,0
eksekusi,0
elemen,0
asas,0
perkeretaapian,0
aren,0
mandar,0
bintaro,0
tenis,0
ajak,1
pesanggrahan,0
telfon,0
kesana,0
begendeng,0
jatikalen,0
kos-kosan,0
kebo,0
mesum,0
kos,0
klub,0
suryanto,0
untag,0
gmbi,0
intimidasi,0
hadir,3
sumatra,1
umpu,0
gubug,0
palak,0
dijalinsum,0
jalinsum,0
police,0
line,0
dicicaheum,0
nyak,0
tato,0
suporter,0
sepak,0
gor,0
jatidiri,0
garis,0
marka,0
ketileng,0
king,0
petas,0
amaliah,0
kosambi,0
wangta,0
sus-phi,0
hajiung,0
iman,0
nongkrong-nongkrong,0
gitar,0
bernyayi,0
pacar,0
servis,0
tahrim,0
ria,0
bubar,1
ombudsman,0
lisan,0
maladministrasi,0
mulyadin,0
pandeglang,1
dindikbud,0
cuat,0
kejam,0
jeblos,0
penjara,1
seret,0
manta,0
ramadan,0
pijat,0
refleksi,0
five,0
stars,0
gengster,0
senjata,0
celurit,0
lenteng,0
genk,0
shubuh,0
tolonk,0
mahameru,0
rehab,0
dody,0
dony,0
kepling,0
gangster,0
rekrut,0
bacok,0
acak,0
incar,0
pelan,0
serbu,0
sembunyi,0
keji,0
kominfo,0
polri,2
kemenko,0
polhukam,0
jabodetabek,0
unggah,0
komplekkodim,0
memberoflanggar,0
geng,0
kejat,0
sks,0
stih,0
firma,0
unsyiah,0
malikussaleh,0
riwayat,0
kopertis,0
nan,0
tit,0
salklung,0
narapidana,0
mandai,0
makassar-maros,0
warnet,0
ritual,0
sahur,0
kuh,0
fiera,0
lovita,0
solok,0
ummat,0
run,0
away,0
dunk,0
bib,0
fanatisme,0
logika,0
zinah,0
koar,0
ulama,0
kaburr,0
tabayyun,0
barbuk,0
normatif,0
konferensi,0
pers,0
massa,0
televisi,0
chat,0
firza,0
husein,0
sita,0
postingan,0
tem,0
mengcapture,0
provokatif,0
benci,0
laknat,0
viral,0
elfahmi,0
capture,0
ditambaji,0
tuduh,0
drg,0
basyir,0
busnia,0
shock,0
kasad,0
handphonenya,0
fpi,0
gerebek,0
interogasi,0
spontan,0
diviralkan,0
hidayatullah,0
whatsapp,0
dorong,0
ahok,0
kagum,0
sosok,0
lengos,0
interograsi,0
rizieq,0
jubah,0
sorban,0
hijab,0
kertas,0
janggut,0
kopiah,0
ketuk,0
sholat,0
menang,3
pistol,0
selip,0
cemas,0
mensupport,0
posting,0
file-file,0
album,0
edit,0
vulgar,0
senonoh,0
jorok,0
gonggong,0
intai,0
esok,1
basir,0
halaman,0
panik,1
buk,0
epi,0
melotot,0
kesal,0
senyum,0
wajah,0
ekspresi,0
sesal,0
kompol,0
darto,0
direksi,0
bata,0
asa,1
aduk,0
bahas,0
meceramahi,0
ceramah,0
belaka,0
asai,1
asing,1
aseng,0
sudut,0
dab,0
umat,0
kutip,0
ketik,1
diprint,0
ditandatangani,0
bertandatangan,0
berfikir,0
gunjing,0
gulir,0
bermaterai,0
komentar,0
rajam,0
sumpal,0
gagang,0
lacur,0
komunis,0
pki,0
murtad,0
tumpah,0
buntut,0
lampias,0
amarah,0
tebar,1
massive,0
support,0
peristiwa,0
fikirkan,0
psikis,0
psikologis,0
serombong,0
sorak,0
sorai,0
mama,0
papa,0
mua,0
ronda,0
ketawa,0
kodepos,0
pancoran,0
nang,0
toleransi,1
kapten,0
sumarsono,0
permphonan,0
banda,1
sayed,0
hasan,0
bin,0
abbas,0
kmp,0
regirter,0
larat,0
onar,0
mutiara,0
alfamart,0
corat,0
trauma,0
jera,0
tembak,0
perdata,0
rejomulyo,0
pasundan,0
mewah,2
disidak,0
pekat,0
kebal,0
teroris,0
trunojoyo,0
pasirluyu,0
regol,0
sblum,0
toa,0
tradisional,1
renggong,0
qiyamul,0
lail,0
kekhusyuan,0
aksan,0
anal,0
lempari,0
oramg,0
luput,0
guncang,0
ngingas,0
lippo,0
heboh,0
keberadaaan,0
youtu,0
dp-hrvwwjwa,0
koplo,0
jambret,0
maksiat,0
kajati,0
pitsus,0
preseden,0
dengn,0
sopyan,0
frans,0
spt-ps,0
xviii,0
bkl,0
yuan,0
djaisin,0
kegatan,0
pptk,0
kas,0
stor,0
lhp,0
nol,0
negera,0
elektronik,0
kpa,0
herlambang,0
elektison,0
menkriminalisasi,0
tatanan,0
stagnan,0
lokomotif,0
dppka,0
pelaksanannya,0
antoni,1
yulians,0
firdaus,0
panjar,0
dppia,0
bend,0
sosialisiasi,0
ragu,0
keabsahaan,0
st-ps,0
rinci,0
dserahkan,0
tesebut,0
delapan,0
kasda,0
print-,0
tersaangka,0
sebelaum,0
keler,0
negeranya,0
sema,0
mahkama,0
konstitusi,0
puu-xiv,0
pulih,1
kaus,0
imformasi,1
utuh,0
tambora,0
acuh,0
ledek,0
jatibunder,0
pesat,0
saur,0
beristrirahat,0
gaduh,0
kisar,1
best,1
rinjani,0
kuhp,0
apapu,0
kotamobagu,0
ajaib,0
ciplak,0
setiabudi,0
ngumpul,0
raudatul,0
terawih,0
kost-kostan,0
ekslusif,0
simatupang,0
sun,0
rise,0
house,0
raskin,0
depa,0
sepet,0
lobang,0
sugiono,0
ngantru,0
alun-,0
kendaraaan,0
patiunus,0
plamongan,0
geser,0
bersm,0
muter,0
mms,0
nywn,0
rakit,0
renang,0
mawon,0
njih,0
pingin,1
ngelihatnya,0
parkir-angkot,0
johar-sriratu,0
roman,0
bopati,0
kedungrejo,0
ngopakdalem,0
bogo,0
bohong,0
armada,0
elizabet-pelabuhan,0
bangku,0
pendestrian,0
hos,0
baoyak,0
lgie,0
srgnya,0
mpe,0
joss,0
ditingkatin,0
ngambon,0
cipto,0
java,0
mal,0
peraturanya,0
miksemarinfo,0
gunungpatii,0
kodam,0
menghubungkn,0
cipayung,0
girimukti,0
campaka,0
nyah,0
menghawatirkan,0
menghawatirkansaya,0
pager,0
hen,0
syu,0
dikecmtan,0
kecmtan,0
moto,0
duwiten,0
bahteramas,0
orthopedi,0
pus,0
resep,0
bpjsk,0
reimburstment,0
terimah,2
rudymarrist,0
partisipasi,0
atr,0
sertipikat,0
zainul,0
kerjasan,0
fakir,0
jkra,0
mengkonsultasi-kan,0
benjol,0
kosmetik,0
apotek,0
ttl,0
gajali,0
rahman,0
depsos,0
kartanegara,0
loa,0
kulu,0
hgzm,0
makananan,0
susu,0
tubuh,0
berkah,0
cermat,0
malangnengah,1
kasturi,0
ngaluran,0
katarak,0
realitanya,0
antidepresan,0
generik,0
amitriptyline,0
grha,0
atma,0
kaliwungu,0
krjnya,0
kasir,0
aktifasi,0
ramiati,0
susilowati,0
diaktifasi,0
yesie,0
pidie,2
lus,0
nengah,0
wati,0
utomo,1
trikapatini,0
suneta,0
mupung,0
rsmi,0
ugd,0
pesertamasuk,0
ketidaktahuan,0
syahrinor,0
faisol,0
keblai,0
maish,0
mudjiatun,0
bhayangkara,0
bros,0
syaraf,0
binsar,0
siregar,0
bunut,0
utar,0
idel,0
kram,0
usus,0
ruslina,0
sihotang,0
lab,0
eman,0
poliklinik,0
karundeng,0
beritahu,0
imanuel,0
visum,0
adam,0
metta,0
bunda,0
aulia,0
winda,0
istiqamah,0
hantakan,0
temperatur,0
derajat,0
muntah,0
pagat,0
pku,0
akrena,0
jejaring,0
rumbai,0
hanim,0
eddy,0
trisno,0
suntik,0
rawap,0
konfimasi,0
seta,0
oktobr,0
realtime,0
silang,0
cab,0
merauke,2
candesartan,0
channel,0
raisa,0
sahfitri,0
denisa,0
rinjiliani,0
mohamad,0
jean,0
link,1
ppob,0
insulin,0
sipirok,0
putrato,0
hana,0
khaerunnisa,0
tangguh,0
psp,0
rsu,0
tenga,0
pesera,0
widiati,0
meilanie,0
tjong,0
malaria,0
tersiana,0
kerabat,0
infus,0
pipi,0
bengkak,0
amoxicilin,0
sruh,0
adolf,0
haurissa,0
lat,0
hesti,0
purikasari,0
terdiagnosa,0
therapy,0
plg,0
azizah,0
setiao,0
xjiwa,0
penjelesannya,0
double,0
bedan,0
bupan,0
arahanya,0
meiriyanti,0
resmilasari,0
elni,0
pkm,0
handapherang,0
walopun,0
kalimat,0
papringanterimakasih,0
sl--ld,0
pln-lapor,0
cra,0
mndpatkan,0
hermansyah,0
bahariyanto,0
yumiyana,0
ponidi,0
listri,0
ngejut,0
rasaya,0
selanjutya,0
ernia,0
opahan,0
gajih,0
satusatusatu,0
nomorya,0
ubung,0
mempu,0
mendatpat,0
autis,0
ekstra,0
ngaji,0
ldpel,0
dapt,0
spm,0
sgra,0
kmbalikan,0
sl---mohon,0
bbfffbafd,0
muhtarom,0
stroom,0
token,0
sukono,0
meninggl,0
disurvey,0
maengajukan,0
bdt,0
prabayar,0
pngajukan,0
litrik,0
iyuran,0
listerik,0
setabil,0
susidi,0
hermanto,0
idpelmohon,0
kemenpan-rb,0
turikale,0
maros,0
kesehatanmhn,0
lydwina,0
bolak,0
hormst,0
pendaftran,0
smga,0
ngurah,0
rai,0
klender,0
seru,0
ppasso,0
kakas,0
minduk,0
suawesi,0
dicaut,0
kluarga,0
hmpr,0
hny,0
pasrah,0
agr,0
wang,1
berangas,0
alakak,0
enjan,0
strategis,0
toll,0
cibubur,0
mengintruksikan,0
cukang,0
haur,0
soreang,0
soreang-ciwidey,0
buana,0
safari,0
kamera,1
siring,0
pemko,0
mufakat,0
murus,0
rusaksekretariat,0
dprdfajar,0
pasta,0
ganesa,0
kendor,0
lengkung,0
miring,0
coblong,0
hotw,0
international,0
top,0
malang-batu,0
sarimanis,0
gelanggang,0
bojonegara,0
sarijadi,0
sukasari,0
taliwang,0
aripin,0
rina,0
dsetor,0
dkembalikan,0
jamaah,0
zemy,0
samasto,0
singosari,0
abu,0
muntok,1
resa,0
menyemberang,0
jeki,0
bintara,0
belagu,0
dalih,1
laporpungli,0
csr,0
diprose,0
lais,0
muba,0
skk,0
pulu,0
mberatkan,0
kcl,0
ngatijan,0
dermo,0
merdikorejo,0
stroke,0
bnt,0
subahno,0
adit,0
trol,0
musridawati,0
baung,0
rengat,0
inhu,0
pngambilan,0
brsaudara,0
sklh,0
ats,0
prhatian,0
rp-,0
sasaranya,0
sungkai,0
wawonii,0
konawe,1
mahdi,0
aram,0
pulolhoih,0
syahmandi,0
canda,0
santuna,0
gempang,0
eidil,0
safitrah,0
ahmadinejad,0
uli,0
oulia,0
menbutuh,0
haua,0
asmarani,0
bisabegitu,0
fasiltas,0
komplit,0
greoyu,0
cikumbuen,0
mandalawangi,0
bgikan,0
kader,0
kutu,0
eder,0
sukaratu,0
darmaraja,0
dinsos,0
sumedang,0
mayangkoro,0
jenu,1
ponska,1
wadang,1
nyuruh,1
wdng,1
cepit,1
aama,1
wedoro,1
brtani,1
jelang,2
ppuk,1
hargany,1
kdua,1
vakum,1
lazim,1
seharusny,1
menjdi,1
silahkn,1
berknjung,1
ridho,1
alloh,1
menyrtai,1
numpang,1
ulih,1
kordesr,1
pekon,1
umroh,1
mengutamkan,1
cimahpar,1
menyampaikanya,1
titin,1
president,0
djokowi,0
permasalaham,0
bocimi,0
jantung,0
leonard,0
stanley,0
menkumham,0
ditrm,0
mmhh,0
mskan,0
barcode,0
kemenpan,0
astina,0
genteng,0
response,0
kartono,0
ppat,0
erti,0
ngalir,0
yesaya,0
marno,0
malinau,0
ajeng,0
marimar,0
pny,0
skpt,0
ktemu,0
bls,0
bpkibu,0
pek,0
sppht,0
kadus,0
sugih,0
tenyata,0
ahi,0
rebu,0
dod,0
nye,0
kgk,0
antatkn,0
kehma,0
kcmtn,0
lom,0
sudeh,0
balek,0
jawe,0
rambang,0
handphone,0
cawat,0
bukin,0
seripikat,0
wiji,0
lenyek,0
luwuk,0
pati,0
anteng,0
kademangan,0
serpong,0
giyok,0
batetangnga,0
polewali,1
sulbar,1
toajm,0
slma,0
pleaseeeekabtang,0
maha,0
perkawis,0
dugiken,0
ayeuna,0
acan,0
janten,0
parantos,0
satahun,0
langkung,0
hasilna,0
slamt,0
asbes,0
ptgs,0
tmnya,0
srh,0
krm,1
konci,0
stlh,0
ngi,0
skli,0
benarkn,0
hrgnya,0
kmpng,0
tok,0
cing,0
memeilih,0
drigen,0
galuh,0
berdrigen-drigen,0
daria,0
rangas,0
pin,0
dfccc,0
whatapps,0
google,0
maps,0
xcbceb,0
threads,0
top-massage-liana-new,0
prntscr,0
fmevwc,0
fmewdk,0
fxnsg,0
kaskus,0
profile,0
viewallposts,0
yayang,0
afianty,0
shop,0
diblock,0
pusattas,0
manggaduaa,0
supplierjakartabags,0
panin,0
pick,0
ppa,0
dikti,0
kambesko,0
kuatirkan,0
jgk,0
makas,0
labang,0
apo,0
abes,0
cipanas,0
arakat,0
masaalah,0
ren,0
gat,0
lok,0
pemungkiman,0
region,0
palu,0
lipat,0
masomba,0
serasa,0
ylki,0
regulator,0
heater,0
sales,1
rata-,0
winn,0
merk,1
pcs,0
common,0
rbs,0
standart,0
andal,1
ala,0
mauhati,0
ptc,0
salesmen,0
slta,0
tsbharusmembayar,0
dendam,0
trhadap,0
kejayan,0
relatif,0
ketimbang,0
jernih,0
ahul,0
koneng,1
cimenyan,0
minat,1
wargas,0
pakuhaji,1
rajeg,0
sepat,0
pudar,1
katub,0
keman,0
seksama,1
outlet,0
mareleng,0
bojongsari,0
kedungwaringin,0
aries,0
jiregen,0
suspensi,0
mode,0
ketap,0
pemerintahm,0
nohon,0
debgan,0
ltr,0
mnyk,0
pelayananan,0
perata,0
imbang,0
gaya,0
strip,0
tmii,0
nillai,0
takar,0
objektif,0
teweh,0
kariadi,0
kurdi,0
wiraswasta,0
riam,0
langsat,0
langsir,0
modif,0
talenta,0
apms,0
wira,0
dafa,0
salma,0
waka,0
kariadikurdimtw,0
katamso,0
mtw-bjm,0
jingah,0
hajak,0
siku,0
pendreh,0
famili,0
idul,0
kerumutan,0
pengisan,0
pietra,0
wahidin,0
mutar-mutar,0
baa,0
oehandi,0
nonong,0
nagrak,0
darangdan,0
dealer,0
inisial,2
muji,0
halimah,0
juru,0
ujang,0
bruek,0
dempet,0
ekspedisi,0
cerdik,0
ngin,0
titip,0
tangklet,0
angel,0
padosipun,0
geh,0
panggenan,0
semrang,0
punopo,0
paino,0
dingin,0
roy,0
informari,0
melon,0
kagok,0
sampang,0
tabungterutama,0
tbng,0
ski,0
blkg,0
blg,0
boja,0
pasargunung,0
spbe,0
meninjao,0
mbakitasmg,0
pudak,0
dins,0
elpigi,0
bini,0
mumpung,0
brd,0
ketgn,0
sdg,1
sedikht,0
meruya,0
akrab,0
mercubuana,0
siasat,0
deng,0
standby,0
szwtsnvnakrixzoejaxq,0
gaa,0
balige,0
tobasa,0
roket,0
madya,0
angsana,0
bumbu,0
kharisma,0
tanjungpinang,0
menberi,0
pelang,0
semende,0
subsisdi,0
supply,0
issu,0
nenas,0
ngumpet,0
dmana,0
kmna,0
bsok,0
bkar,0
kmbli,0
mlestarikan,0
kuno,0
rajadesa,0
ciamis,0
akcaya,0
jumpa,1
tarutung,0
ibukota,0
purbatua,0
sangsi,0
niap,0
tobek,0
kurun,0
rasakn,0
sdkt,0
sangasanga,0
kukar,0
kalta,0
alangkh,0
melakukn,0
hendra,1
sijunjung,0
laporin,0
dipertamina,0
kejadianya,0
keiisi,0
wktunya,0
mengijinkan,0
jerrycan,0
mahendradata,0
jatinangor,0
indikator,0
ira,0
bima,0
hujung,0
supsidi,0
pemimbunan,0
tersebub,0
berkordinasi,0
dibanjarsari,0
lebaran,0
era,0
sby,0
mega,0
palar,0
sepenuh,0
airport,0
mahakam,0
btn,0
hamzy,0
tamalanrea,0
nongko,0
cecer,0
ngeget,0
barusari,0
logging,0
omset,0
bandsow,0
mustikasari,0
jawabarat,0
sogok,0
nampak,0
ciriung,0
hisap,0
belitung,0
biota,0
pariwisata,2
belitunng,0
lngsng,0
demo,0
tampan,0
penyalagunaan,0
lewa,0
jumbo,0
keran,0
eksavator,0
matawai,0
pawali,0
dokumentasi,0
tati,0
parsel,0
klatung,0
publikasi,0
gruop,0
sumba,0
ponsel,0
wedel,0
tank,0
aris,0
receh,0
ricuh,0
alhasil,1
bor,1
masif,0
guntur,0
sokomoyo,0
jatimulyo,0
girimulyo,0
kulonprogo,0
sakti,1
epm,0
dap,0
kubik,0
pelican,0
perahu,1
sakri,0
nekat,0
save,0
store,0
coco,0
hyundai,0
inner,0
sealnya,0
awa,1
sutami,0
srimenanti,0
badar,0
srbhawono,0
langkaaaaaaa,0
kiamat,0
retas,0
lesu,0
likuiditas,0
sunti,0
geliat,0
itikad,0
statement,0
bill,0
perban,0
pgtti,0
danamon,0
sco,0
aldinovrian,0
rozak,0
dsp,0
lunak,0
cecking,0
menejemen,0
susilo,0
novi,0
sutrisno,2
dinkop,0
kreditor,0
lpdb,0
soetomo,0
panitia,0
uud,1
ratifikasi,0
konvenan,0
ekosob,0
pokja,2
btpn,0
mur,0
vonis,0
wanprestasi,0
angsur,0
teteapi,0
debitur,0
lelang,2
rescheduling,0
reconditioning,0
restructuring,0
anggrek,0
slip,0
transfer,0
ditelephon,0
kemudia,0
ejek,0
record,0
ciampea,0
error,0
andri,0
bungo,0
teler,0
hatmono,0
hendarto,0
klikbca,0
fenny,0
mentah,0
ogah,0
mering,0
mem-fax,0
patut,0
iktikad,0
syariah,0
bpkb,0
pijaman,0
cigna,0
trik,0
meeting,1
instant,0
polis,0
auto-debet,0
betapa,0
banking,0
britama,0
kunci,0
yonie,0
prasetiawan,0
kolektibilitas,0
track,0
checking,0
loan,0
cikokol,0
restu,0
penandatanganan,0
underlying,0
bankir,0
collection,0
contact,0
supervisor,0
-tersebut,0
struktur,0
complaint,0
handling,0
awam,0
siginifikan,0
finansial,0
prudent,0
difollow,0
follow,0
lalai,0
recordnya,0
pararel,0
purnama,0
nainggolan,0
dipotomg,0
lunta,0
mengatasnamakan,0
psks,0
kbx,0
ppro,0
sahat,0
malau,0
beo,0
insurance,0
tempo,1
charted,0
juanda,0
ero,0
melaksanankan,0
surart,0
sarpam,0
pampang,0
non-tunai,0
history,0
indramovichs,0
sid,0
debtcollector,0
sayabisa,0
bulukumba,0
taplus,0
omong,0
segi,0
pekayon,0
citayam,0
person,0
regard,0
fadli,0
indo,1
ragajaya,0
relasi,0
suhaman,0
mortage,0
sogo,0
meminimalisirvkorupsi,0
habibi,0
saparuddin,0
rosma,0
cokeng,0
mengirmkan,0
yahoo,0
kanca,0
kepanjen,0
vendor,0
disms,0
hangus,1
semboyan,0
ajb,0
platfon,0
kreditur,0
iintinya,0
kpknl,0
iba,0
menciderai,0
buchori,0
adan,0
hafid,0
al-qur,0
tpq,0
qiro,0
tazkia,0
anakyang,0
dipolsek,0
msykt,0
kecil-tp,0
tsbt,1
masykt,0
cicil,0
waktunya-agar,0
dipercaya-hal,0
sulur,0
baik-cuma,0
tercepit,0
redenominasi,0
kurs,0
ambang,0
promosi,0
diiming-imingi,0
rentenir,0
billboard,0
global,0
lejit,0
hits,0
-hati,0
telemarketing,0
debet,0
fixed,0
perinci,0
agussalim,0
aiza,0
suarat,0
niffaro,0
apartement,0
building,0
mahony,0
grahacom,0
edc,0
credit,0
card,0
gesektunai,0
bealokasi,0
btm,0
bec,0
gesek,0
condet,0
beny,0
irwanto,0
jamsostek,0
pjmn,0
sbr,0
bgt,0
bii,0
staffkepresidenan,0
otorisasi,0
kepalakepolisian,0
violet,0
mitrakarti,0
perkasa,0
nusuno,0
sulitio,0
jatiwaringin,0
shell,0
kranji,0
kpr-kan,0
susanti,0
dinamika,0
bobol,1
rika,0
ppn,0
bphtb,0
njop,0
mahanani,0
pusatbri,0
blogspot,0
hadiah,0
beitu,0
web,0
daftar-pemenang,0
rek,0
situs,0
miranti,0
prihantika,0
mengembil,0
gedong,0
danang,0
mol,0
ambarukmo,0
anthony,0
nugroho,1
menghandle,0
sofa,0
yogya,0
marcel,0
seolah-oleh,0
lps,0
deposito,0
bpr-dbs,0
dkrb,0
nominative,0
gpkl,0
peti,0
pengadulan,0
pidb,0
pdg,0
bpr,0
bukopin,0
visa,0
classic,0
bebarengan,0
lelaki,0
ngotot,0
deal,0
collectionnya,0
kurir,0
pelayannnya,0
terbaiknnya,0
promo,0
versi,0
telphone,0
debt,0
collector,0
menkonfirmasi,0
menungguin,0
collecto,0
madiri,0
limit,0
serabutan,0
per-bulan,0
blt,0
keja,0
kakah,0
sepuh,0
kertepurukan,0
kecil-kecilanpumnperlu,0
halo,0
passkey,0
di-sms,0
yaa,0
thank,0
pbb,0
mangambil,0
teller,0
sisitem,0
mhd,0
pudyatama,0
cijulang,0
----,0
waris,1
almarhumah,0
ami,0
kustini,0
taspen,0
norek,0
dilegalisir,0
anisah,0
widyastuty,0
keponakan,0
legalisir,0
copyan,0
syah,0
inisiatif,0
fidyah,0
zakat,0
rela,0
tasbi,0
prospek,1
minus,0
trilyun,0
bon,0
sayadengan,0
bankmandiri,0
article,0
asp,0
head,0
verifikator,0
branch,0
manager,0
alfonso,0
ciputat,0
shinta,0
brosur,0
kolektor,0
diskon,0
diakon,0
tanggerang,0
tigaraksa,0
sentosa,0
garansi,0
hsbc,0
gong,0
jilbab,0
form,0
kursi,0
bathin,0
stiker,0
dittd,0
form-form,1
motif,0
ssvs,0
kretap,0
rekalkulasi,0
angunan,0
kedit,0
rentenier,0
kemari,0
menko,0
luncur,0
jilid,0
export,1
orientasi,0
kurbe,0
udang,1
vannamei,0
super,0
intensive,0
qualified,0
denny,0
cere,0
kesalahn,0
pangkalanbun,0
regrestrasi,0
cctvnya,0
jpg,0
tomas,0
nugraha,0
kolonel,0
atmo,0
fitriyani,0
rivai,0
osaya,0
cbang,0
dsini,0
blan,0
angs,0
opihak,0
maksa,0
byar,0
brusha,0
sdang,0
pailit,0
pnjaman,0
ttep,0
ibrahim,0
jadimulya,0
gunungjati,0
kriteria,0
klayan,0
bersusidi,0
transisi,1
kemenpera,0
anuitas,0
dpindahkan,0
collectors,0
negoisasi,0
cash,0
uangny,0
kembaliaanny,0
tindaklanjutanny,0
apr,0
haris,0
chairuddin,0
matraman,0
undur,1
passion,0
pkwt,0
biodata,0
interview,0
umm,0
manajer,0
pemberitahukan,0
search,0
kuras,0
pinjamin,0
materai,0
menbawa,0
noted,0
salary,0
tandem,0
simpedes,0
blast,0
provider,0
indosat,0
ijhk,0
undianbripusat,0
observasi,0
domain,0
cybercrime,0
mabes,1
formalitas,0
tengok,0
offline,0
satelit,1
megazip,0
finance,0
hermin,0
karimun,0
dhe,0
devisa,0
menguhubungi,0
electronic,0
mail,0
dplk,0
ida,0
suryani,0
mpn,0
subehi-,0
winingsih,0
english,0
aktual,1
-derius,0
derius,0
daryanti,0
jengkel,0
materil,0
imateril,0
polonia,0
cancel,0
binggung,0
kontan,0
tentangh,0
saw,0
csnya,0
cdm,0
kejadiaannya,0
servicenya,0
menanggani,0
transformasi,0
penangganan,1
-hari,0
e-money,0
gubeng,0
emoney,0
wiyung,0
di-cek,0
crm,0
yosephine,0
irma,0
calll,0
windy,0
asumsi,0
sawangan,0
suharyanto,0
sarihati,0
mekarsari,0
-jan-,0
bada,0
-mar-,0
auto,0
-des-,0
-apr-,0
parepare,0
simpatik,0
aliexpress,0
success,0
arn,0
acquirer,0
reference,0
number,0
transactions,0
unique,0
that,0
tags,0
transaction,0
when,0
goes,0
from,0
merchants,0
acquirering,0
through,0
scheme,0
cardholders,0
issuer,0
ataupung,0
apply,0
margocity,0
margonda,0
gerai,0
kerepot,0
bolakbalik,0
bapertarum,0
kondirmasi,0
selfi,0
palangka,0
flpp,0
informal,0
mbr,0
backlog,0
cermin,0
juss,0
amiiin,0
marketingnya,0
siswanti,0
utawi,0
sampun,0
tangkletke,0
sumberdaya,0
manajerial,0
dipersifikasi,0
sin,0
memilki,0
ideologis,0
kreteria,0
ukmk,0
digunakkan,0
resiko,0
fresh,0
graduate,0
casflow,0
taraf,0
patner,0
diskus,0
stabilitas,0
mandiricard,0
screenshot,0
platinum,0
reguler,0
screen,0
shoot,0
automatic,0
reply,0
didzalimi,0
esther,0
wijaya,0
lbk,0
asset,0
amnesti,0
gala,0
ketidakjelasan,0
harta,0
imateri,0
kincang,0
jiwan,0
koin,0
alikum,0
curup,0
briguna,0
profesionalisme,0
sifat,0
personal,0
koektif,0
laba,0
elegan,0
shavi,0
abdulrahim,0
kacab,0
coorporatif,0
e-secure,0
mantap,0
analis,0
loading,0
bi-checking,0
lumajang,0
sugiyanto,0
indra,1
wahyudi,1
tapenas,0
hasanah,0
mak,0
paripurna,0
rendy,0
awaludinsyah,0
brc,0
citamarian,0
rekananda,0
carport,0
sanitasi,0
manonjaya,0
kecelakakaan,0
pending,0
e-cash,0
kakap,0
nena,0
nendah,0
fauziah,0
trasnferkan,0
ssaya,0
mychael,0
bpnt,0
charges,0
itunes,0
ganda,0
mus,1
surati,0
immateri,0
telephone,0
kupon,0
voucher,0
power,0
invoice,0
ppegawai,0
di-reject,0
sanggah,0
komunikatif,0
menanyangkan,0
bjb,0
sandri,0
mba,0
internal,0
membudget,0
storan,0
budget,0
oriented,0
wawan,0
gunawan,0
kaka,0
tuparev,0
notifikasi,0
sian,0
edi,0
mulyadi,0
historis,0
moneter,0
biro-informasi-kredit,0
permintaan-idi-historis,0
aspx,0
cheking,0
artikel,0
kirmkan,0
feedbacknya,0
sulaeman,0
dahlia,0
wanasari,0
privat,0
rekruitmen,0
block,0
otp,0
bbrp,0
terblock,0
sunggu,0
sduah,0
apliaksi,0
prematur,0
bug,0
mandiricare,0
komunitas,0
beniat,0
untul,0
permasalahaan,0
toyota,2
astra,0
financial,0
beteng,0
punngutan,0
bantarjati,0
indocement,0
prakarsa,0
citeureup,0
restribusi,0
dampak-,0
annistya,0
hutke,0
smoga,0
kotasemarang,0
boro,0
titil,0
nambah,0
ngurusnya,0
erniyati,0
mustahil,0
responnya,0
simbolis,0
uap,0
mingingat,0
gaung,0
kukm,0
pedoman,0
menumbuhkembangkan,0
bimbel,0
-mei-,0
sukarningsih,0
alamt,0
palir,0
ngalian,0
panca,0
purna,0
konfeksi,0
micro,0
akgunan,0
profosal,0
kotamadia,0
kelinci,0
ngembangkan,0
pelet,0
penyelesain,0
kondusif,0
pdk,0
grobak,0
meubel,0
plered,0
kaliwulu,0
beludak,0
ditanggepin,0
krajan,0
jumerto,0
patrang,0
cmn,0
adminnya,0
sbsr,0
tkbm,0
maslaah,0
permenhub,0
maritim,0
perseoran,0
memphon,0
soko,0
maut,0
naung,0
laundry,0
titel,1
mbantu,0
lilit,0
rimbajaya,0
tapah,0
ripah,0
pertanggungjawaban,0
kud,0
pulogebang,0
gempolsari,0
monas,0
siplin,0
klimaks,0
merpati,0
kerap,0
numpuk,0
berwewenang,0
sukagalih,0
gbu,0
nurwanto,0
eramas,0
brkelanjutan,0
jakartasalam,0
angke,0
raut,0
organisir,0
seputara,0
uma,0
premier,0
riviera,0
alur,0
kkn,1
sahari,0
jak,1
-pus,0
depo,0
kran,0
berangan,0
hansip,0
gladys,0
suwandhi,0
kemang,0
glayds,0
syaiful,0
pisang,0
eva,0
farida,0
syarif,0
pamit,0
robby,0
tuding,0
rt-nya,0
rukun,1
riak,0
ironi,0
emosi,0
disipilin,0
galak,0
bakteri,0
mandi,0
subur,1
ranggon,0
segar,0
rtnya,0
nyamuk,0
markir,0
lalat,0
attach,0
ikpn,0
feature,0
ciganjur,0
langung,0
lim,0
darul,0
husnah,0
petogogan,0
umi,0
lila,0
kelur,0
realilasi,0
lkm,0
rwnya,0
inisiatipnya,0
kamal,0
trersebut,0
uar,0
dampa,0
mambo,0
ilalang,0
ancol,0
ketindaklanjutannya,0
ppsunya,0
rebo,0
provindi,0
kedoya,0
balita,0
banyumas,0
cipamokolan,0
riung,0
nuansa,0
kurung,0
bangkai,0
setempet,0
leta,0
institute,0
fdas,0
citarum,0
korwil,0
kot,0
brigade,0
pasas,0
beko,0
segingga,0
hawatir,0
adjie,0
taktis,0
sofel,0
bantar,0
bilamana,0
binawarga,0
pesangrahan-jakarta,0
sukapura,0
cilincing,0
zodia,0
radang,0
bentrok,0
pbdg,0
organk,0
muhammadyah,0
phh,0
mustafa,0
pmembuang,0
digorong,0
tehnis,0
conver,0
relevan,0
blu,0
ppkk,0
respek,0
tambur,0
kubang,1
kotamadya,0
peta,1
sayap,0
cipaganti,0
cijambe,0
banhyak,0
hai,0
daderah,0
bui,0
talib,0
krukut,0
gorong-gorong,0
sanggerah,0
bng,0
harem,0
agk,0
kedlm,0
xcm,0
pelat,0
gila,0
pengarengan,0
uruk,0
janur,0
platdeker,0
antisipasi,0
pot,1
sukseknya,0
daulay,0
ledeng,0
teratai,0
timdak,0
musholla,0
gandaria,0
musholah,0
dicanan,0
gkan,0
glingseng,1
kiat,1
pulp,1
paper,1
mill,1
bedung,0
tengah-tengan,0
bambumas,0
pluit,0
saidi,0
iring,0
jogging,0
tahuban,0
samali,0
buncit,0
banguan,0
puapb,1
semai,1
makaten,1
katam,1
bondol,1
poktan,2
sedyoo,1
sido,1
sroyo,1
poh,1
wates,1
surve,1
pohwates,1
lihatke,1
weh,2
pngairan,2
bjgoro,1
sen,2
simbtan,1
palembon,2
talun,2
ghippa,1
samberan,1
bhkan,1
krng,1
bnih,1
bsrta,1
dns,1
prtnian,1
pra,1
ptni,1
bil,1
husus,1
balongdowo,1
sumberjokidul,1
tanjungharjo,1
londo,1
kcm,1
sukosewu,1
mskt,1
manwaatkan,1
butoh,1
podo,1
hipane,1
nak,1
narik,1
jaluk,1
banyu,2
hndaknya,1
slran,1
irigsi,1
sktr,1
ato,1
dibuatkn,1
pntu,1
pnggnti,1
dmk,1
mngalir,1
seblmnya,1
brsih,1
trlhat,1
trkena,1
mthari,1
tmbhan,1
pnh,1
tmbhannya,1
wasit,1
ngmpkdlm,1
tanem,1
sumberrjo,1
tesiyer,1
lak,1
tor,1
pajaya,1
sesuwai,1
rap,1
poto,1
muwarasugian,1
caya,1
dishutbun,1
ngerti,1
ngadepi,1
tantang,1
kwangwung,1
sra,1
massal,1
pnanaman,1
klapa,1
klapanya,1
cikal,1
ngasm,1
panjoe,1
glumpang,1
baro,1
upja,2
mafaat,2
beranda,1
nangkap,1
tntang,1
prtanian,2
pngolahan,1
tnaman,1
gerut,1
ganyong,1
pangsa,1
krupuknya,1
apkh,1
joyo,1
xyth,1
kemensos,1
kemen,1
kronolohis,1
bjng,1
ipis,1
sxurade,1
skbm,1
jbr,1
smr,1
surya,1
heli,1
kopter,1
slm,1
sukabxumi,1
etani,1
pribumi,1
kapling,1
pekarang,1
ktgr,1
klopok,1
anggoto,1
gigih,1
mranto,1
kapoktani,1
silih,1
bganti,1
drperjual,1
sutikno,1
koteggel,1
dos,1
suntukdijual,1
bbt,1
pasarejto,1
poltres,1
topang,1
kbutuhan,1
kanggo,1
ngombe,1
wae,1
cobak,1
bgitu,1
akirnya,1
ganitri,1
cidegdeg,1
mandalasari,1
cikancung,1
punah,1
sulut,1
bol,1
mong,1
optimilasi,1
opl,2
muwara,2
sughian,1
elo,1
per-hektar,1
rapak,1
jabut,1
daunya,1
njamur,1
sampei,1
insektisida,1
sarodi,1
oria,1
npk,1
pomin,1
saprodi,1
sisah,1
mulyo,1
sugi,1
miliyar,1
malas,4
kasun,1
dikbulkan,1
kash,1
toklu,1
gulu,1
tangkai,1
gosong,1
tular,1
obor,1
nki,1
ningali,1
tulisane,1
tidah,1
katannya,1
suyatno,1
rppuluhribu,1
satukilo,1
kragilan,1
positif,1
kenang,1
pesimis,1
ditanamain,1
swaswmbada,1
daulat,1
unggul,2
item,1
kedele,1
selupu,1
rejang,1
hortikultura,1
lebong,1
kppp,1
regards,1
importir,2
thailand,1
untnk,1
sultraproyek,1
aepodu,1
laeya,1
bistek,1
patok,2
meyekik,1
lembut,1
tingal,2
petik,1
paisal,1
chandue,1
salo,1
pinrang,2
paten,1
bajak,3
jajaranys,1
asalamualaiku,1
despundi,1
kantun,1
smpek,1
apresiasi,2
jajaranya,2
matok,1
singkong,1
kamping,1
dibudidayakan,1
babinsa,1
alalak-kab,1
dpd,1
ngedos,2
olahanya,2
konflik,1
jokowi-kementan,1
priyojo,1
baran,1
cam,1
mikrochips,1
siswono,1
tersandra,1
strap,1
ditj,1
jerih,1
mendptkan,1
perikanaan,1
penyusuaian,1
fungsional,2
oenyuluh,1
tupoksi,1
wisuda,1
handal,1
bentur,1
erugikan,1
yasawah,1
pipil,2
urbanisasi,1
tebas,1
prehatin,1
responsif,0
padasuka,0
lembah,0
syar,0
kritik,0
hatur,1
simangambat,1
sigompulon,1
lawas,1
masrip,1
tomat,1
sistim,1
flibek,1
ember,1
sekam,1
flibeg,1
pola,1
dapur,1
kesejahtraan,1
nuzul,1
persegi,1
gapoktannya,1
pindrang,1
sprayer,1
dlt,1
puap,1
kepuhbaru,1
rkning,1
ketar,1
indiksi,1
jok,1
mojorejo,1
pencapain,1
kontukopolo,1
wakorsel,1
fiktif,1
edy,1
mawar,1
sumbangsih,1
formula,1
dngqn,1
korea,1
bonder,1
kouta,1
tra,1
be-aup,1
ythtlukp,1
ppp,1
penambangantimah,1
beraktipitas,1
radius,1
ekosistim,1
komonitas,1
ekstapet,1
tempilang,1
jebus,1
iming,1
aktipitas,1
men,1
prs,1
trms,1
cantrang,2
ling,1
biao,1
yong,1
mezak,1
lewier,1
nakoda,1
reksa,1
irwan,1
almahrum,1
lasau,1
anis,1
maloky,1
hirauken,1
karol,1
wak,1
dimerauke,1
jemmy,1
nahaerudin,1
lela,1
illegal,1
neira,1
inka,1
mina,1
isaha,1
sumberjaya,1
yan,1
informan,1
lele,1
net,3
trawl,2
pukat,2
hela,2
beroprasi,1
dogol,1
teknologi,2
saing,1
bersi,1
seha,1
rusnya,1
masyara,1
kat,1
cip,1
kemisknan,1
berke,1
tania,1
kema,1
rau,1
jurang,1
tandus,1
mahar,1
hinga,1
mattunru,1
tunrue,1
cempa,1
sul-sel,1
combine,1
margasari,1
maringgai,1
polair,1
dati,1
permen-kp,3
lumba-lumba,2
bagaimanaka,1
hiu,1
labu,1
bajo,1
maret-mei,1
sirip,1
blacktip,1
reef,1
shark,1
terumbu,1
atraksi,1
selam,1
komodo,1
destinasi,1
satwa,1
perikehwanan,1
takalar,1
galesong,1
ekosistem,1
gadu,1
hst,1
pupu,1
langit,2
kuintal,1
terkaik,1
sinangkong,1
mariah,1
sergai,1
gulung,1
tikar,1
tumpur,1
getah,1
penangulangan,1
indek,1
apaila,1
ditangulangi,1
padal,1
harga-hara,1
khusunya,1
infrastrukur,1
rawit,1
gambling,1
telur,1
blitar,1
hpp,1
morowali,1
lembo,1
bumdesa,1
banyuasin,1
limbang,1
cangkang,1
miuba,1
terakir,1
cuka,1
semut,1
acap,1
gelisah,1
arie-penggiat,1
penyegalagunaan,1
ppid,1
kkp,4
index,1
php,1
register,2
megumi,1
anugerah,1
rehabiltasi,1
higienis,1
lpse,2
eproc,2
ppnp,1
palabuhanratu,1
sbu,1
pebruari,1
kontruksi,1
cemerlang,1
lpjk,1
fax,1
elektonik,1
inspektur,1
irjen,1
pamer,1
keikutsertaan,1
interpets,1
tokyo,1
pagu,1
ulp,1
expanindo,1
ringgas,1
lkpp,1
event,1
organizer,1
vakantiebeurs,1
kemenpar,1
perth,1
holiday,1
expo,1
syarak,1
gugur,1
menanda-tangani,1
dexpo,1
unika,1
lelanghargapeserta,1
mission,1
eightyeight,1
kasablanca,1
tower,1
a-d,1
kasablanka,1
ofiice,1
bareskrim,1
fernando,1
riset,1
kelautan-badan,1
sdm,1
tangggal,1
taguhan,1
itjen,1
perikana,1
rph,1
vaname,1
selundup,2
benur,2
lobster,2
yga,2
avanza,2
honda,2
mobilio,2
kelabu,1
seafood,1
ekspor,1
undername,1
karantina,1
health,1
certificate,1
supplier,1
upi,1
haccp,1
domestic,1
kid,1
domestik,1
kipm,1
koli,1
eksportir,1
rpiit,1
soepomo,1
sel,1
list,1
siupal,1
twit,1
daerak,1
wakai,1
byali,1
smpeniti,1
tojo,1
una,1
jas,1
saparua,1
kostor,1
waisisil,1
tiouw,1
oscar,1
tanujaya,1
onga,1
penyerahanuang,1
kuitansi,1
purwoharjo-,1
pgh,1
omaset,1
new,1
pajero,1
ditjen,1
psdkp,1
polairut,1
baby,1
assesories,0
supra,0
indodrill,0
mahkamahagung,0
sistem-kamar,0
jangka-waktu-penanganan-perkara,0
hampit,0
soeroso,0
pebi,0
aralle,0
salu,0
ledo,0
sul-bar,0
pengeroyokanan,0
piket,0
molotp,0
msy,0
ind,0
gurau,0
iseng,0
ketes,0
kesiap,0
siaga,0
acau,0
diepaluasi,0
sungairotan,0
muaraenim,0
kenapanarko,0
semangkin,0
ngisinkeun,0
urang,0
kompas,0
yoga,0
basyari,0
bunder,0
jimpret,0
samsung,0
galaxy,0
delete,0
mendekengi,0
mekanik,0
pilang,0
tesentuh,0
tkg,0
keslamatan,0
bgwa,0
ledok,0
kajari,0
kapda,0
keluraha,0
wewenangnya,0
banjarjo,0
kluloh,0
emban,0
wantimpres,0
lemba,0
lemsaneg,0
modern,0
sadap,0
jerat,0
lino,0
djalil,0
coreng,0
eksekutif,0
bagaiwana,0
rahmatullah,0
bopeng,0
sapto,0
raharjanto,0
sorot,0
supremasi,0
gludug,0
pakis,0
timsus,0
aiptu,0
iriyanto,0
brigpol,0
sentot,0
briptu,0
arri,0
tripomo,0
nugrahadi,0
prosedural,0
ke-tidak,0
sprin-kap,0
sprin-han,0
bunami,0
todong,0
wasil,0
peluk,0
wulandari,0
mengobrak,0
abrik,0
jaket,0
fizr,0
puger,0
sukorambi,0
lakban,0
perut,0
brutal,0
ervan,0
teledor,0
proyektil,0
congkel,0
sendok,0
alibi,0
nasir,0
perkosa,0
tacik,0
ferawati,0
bangsalsari,0
hias,0
kalung,0
atman,0
dakwa,0
subsider,0
matlari,0
gimin,0
hendral,0
kawin,0
dobrak,0
melak-ban,0
mulut,0
broto,0
sarif,0
samsuri,0
ringkuk,0
sukowono,0
lanjur,0
residivis,0
matlari-pun,0
bap,0
nasehat,0
prodeo,0
sangkal,0
als,0
solidaritas,0
kontras,0
sinung,0
karto,0
koordinator,0
advokasi,0
resort,0
donna,0
guest,0
asia-pasifik,0
london,0
imparsial,0
komando,0
reparasi,0
nasihat,0
kapolri,0
akuntabilitas,0
din,0
hap,0
eksplisit,0
definisi,0
konvensi,0
opsional,0
manurung,0
pahit,0
procedural,0
rights,0
geledah,0
mimpi,0
dekam,0
seknas,0
mangli,0
peting,0
aspi,0
rasi,0
desber,0
mejelaskan,0
polim,0
acam,0
arit,0
robek,0
mulud,0
septber,0
abil,0
tekel,0
mslah,0
lapur,0
lajuti,0
sertpikatkan,0
suwatu,0
sertipikatkan,0
batuanya,0
oya,0
trk,0
stap,0
awu,0
wedang,0
bromo,0
kadipiro,0
pemvilik,0
javm,0
wavrung,0
tapvi,0
kondivsi,0
expres,0
moch,0
ishak,0
sindanghaji,0
palasah,0
majalengka,0
kepn-sumber,0
biop,0
rodiyah,0
kepolres,0
perma,0
ena,0
bnn,0
awaliyah,0
makassar-kab,0
monginsidi,0
elit,0
waria,0
spot,0
tengara,0
germo,0
psk,0
dangdut,0
narkob,0
rebak,0
setabelan,0
tegalharjo,0
represif,0
kuratif,0
spot-spot,0
timba,0
ilmu,0
ditindaklanjut,0
wadah,0
nyebar,0
nyembunyiin,0
timika,0
mayak,0
sultan,0
thp,0
cendrawasih,0
kontraktor,0
bbpjn,0
kasatker,0
hartono,0
ppk,0
franky,0
lapian,0
ceroboh,0
nali,0
kekecewawaan,0
mengangap,0
merka,0
memimjam,0
tetapidi,0
indentitas,0
santai,0
surat-terbuka-jual-beli,0
pelopran,0
apra,0
reserse,0
conto,0
isa,0
mreka,0
cyber,0
crime,0
manjanik,0
pojok,0
densus,0
share,0
bidang-politik-hukum-dan-keamanan,0
permintaan-salinan-dan-dan-putusan-resmi-ma,0
sudah--bulan-belum-ada-putusan-ma,0
kemunham,0
tikai,0
pjn-wil,0
sasem,0
bjnegoro,0
petnjk,0
juah,0
genab,0
name-bullying,0
cipondoh,0
taqwa,0
lagu,0
adzan,0
wni,0
mnit,0
wayan,0
juniarta,0
linmas,0
dikuatirkan,0
spam,0
kapih,0
kotrak,0
xix,0
smd,0
mcn,0
mliwis,0
balong,0
bilyard,0
wondama,0
tetan,0
polantas,0
silpin,0
dpp,0
himpun,0
hipma,0
datara,0
mantang,0
babak,0
bur,0
nompo,0
askar,0
anwar,0
fbid,0
pcb,0
type,0
theater,0
gerah,0
keroyok,0
pamflet,0
hate,0
speech,0
menyantumkan,0
security,0
grand-q,0
linggang,0
bigung,0
lamin,0
begtu,0
tppu,0
benderang,0
benteng,0
isu,0
ber-,0
msrkt,0
se-wenang,0
terlamp,0
tanda-tangan,0
penddk,0
srl,0
jbi,0
mendagri,0
damba,0
ladyrosejkt,0
nana,0
chen,0
penipuan-jawa,0
blog,0
seg,0
emudaan,0
edan,0
ampi,0
pembaharauan,0
terorisme,0
organ,0
bany,0
ngan,0
alwawiny,0
said,0
alwainy,0
kewarganegaraan,0
gondangdia,0
cikini,0
mejelis,0
pahatar,0
simarmata,0
yuferry,0
belman,0
sophan,0
girsang,0
wika,0
realty,0
tenggan,0
tuang,0
risalah,0
memori,0
eksaminasi,0
usik,0
teridikasi,0
subjek,0
fatwa,0
tanggla,0
tiflen,0
tulungagung,0
kristen,0
immanuel,0
wilson,0
marsudin,0
erwin,0
damanik,0
sinaga,0
dualisme,0
jonggi,0
pasaribu,0
impo,0
binjai,0
terangterangan,0
masrakat,0
laksamana,0
renon,0
sanjaya,0
baden,0
realese,0
cempres,0
sumberarum,0
ketidakjelasannya,0
serui,0
yapen,0
resor,0
eksepsi,0
formal,0
renspon,0
suryanti,0
edhi,0
setiawan,0
diskotik,0
todar,0
melapotkan,0
dikroscek,0
menandatangai,0
betulx,0
kemenkumham,0
ahu,0
dec,0
atribut,0
militer,0
loreng,0
malak,0
kemeja,0
menkopolhukam,0
pengosoangan,0
thd,0
huru,0
hara,0
ssk,0
belanda,0
denma,0
hun,0
panglima,0
marsma,0
susanto,0
menkopolkam,0
raihul,0
alamin,0
gafatar,0
pst,0
salemba,0
wiwik,0
paseban,0
kutacane,0
klasifikasi,0
-jun-,0
dermawan,0
hasudungan,0
phd,0
sudrajad,0
dimyati,0
abdurrahman,0
utami,0
-dec-,0
amar,0
efisian,0
pasport,0
teral,0
kantin,0
sikeras,0
duluan,0
dihadang,0
bolos,0
spanduk,0
bobrok,0
lelet,0
singapore,0
efisien,0
training,0
krama,0
front,0
liner,0
amanah,0
brsm,0
pilar,0
pone,0
klp,0
smakin,0
carigading,0
tlah,0
mecatin,0
revolisi,0
mental,0
nkri,0
trpilih,0
kadung,0
irfan,0
nata,0
kasipidum,0
ajudan,0
unkap,0
ahirnya,0
kaipidum,0
lsm-kpk,0
xiv,0
xvi,0
tunduk,0
damaidi,0
ginting,0
ningsih,0
saniah,0
res,0
silalahi,0
erat,0
ernita,0
spd,0
suai,0
objek,0
estimasi,0
mpemeriksaan,0
yuris,0
prudesi,0
siterlapor,0
kebiri,0
kekilafan,0
mardi,0
sijabat,0
turnip,0
timpang,0
liberal,0
budak,0
wto,0
mea,0
keaadaan,0
podomoro,0
cellica,0
nurrachadiana,0
terjerembab,0
petak,0
medalsari,0
mulyasejati,0
kutamekar,0
margamulya,0
apl,0
kehtanan,0
legalisasi,0
reform,0
oenardy,0
kopo,0
sumpah,0
novum,0
chandriani,0
sabh,0
wasiat,0
dead,0
trikora,0
satya,0
sehinngga,0
dipahhami,0
daniel,0
ateng,0
gentayang,0
investigator,0
kredibilitas,0
ptk,0
myh,0
tegalega,0
leuwih,0
anting,0
telinga,0
laga,0
sbelumnya,0
mulung,0
sampek,0
bjonegoro,0
zaman,0
otoda,0
ngrandu,0
tegass,0
muhaiminah,0
matoh,0
dsampaikan,0
septi,0
maya,0
badanpengawasan,0
bawas,0
cpgt,0
julia,0
rejeki,0
bsd,0
invest,0
jul,0
pkpu,0
kurator,0
kristandar,0
dinata,0
andianto,0
pidum,0
anggun,0
hipotik,0
mekanisem,0
riil,0
mengikutsertakan,0
cmnc,0
mahrlika,0
maharlika,0
yagn,0
wikipedia,0
wiki,0
nusantara,0
corpora,0
penyitaabn,0
adikucurkan,0
sdha,0
yudikatif,0
tertunggi,0
ktia,0
bsia,0
kebanran,0
rentang,0
kooperasi,0
kelaurga,0
pensiunanb,0
pegawa,0
tentara,0
sikat,0
parak,0
keluaga,0
antek,0
jockey,0
gembos,0
timpal,0
non-swasta,0
manuai,0
amal,0
yme,0
dikareanakan,0
membal,0
tindas,0
jajah,0
kop,0
mitracipagantimember,0
wordpress,0
page,0
youtube,0
ucbcwzkhmtwtoys-txfq,0
like,0
membernya,0
komen,0
mendatangai,0
franchise,0
business,0
jcc,0
convention,0
center-istora,0
senayan,0
denga,0
koeprasi,0
pool,0
menginvest,0
iklan,0
majalah,0
laden,0
ringkas,0
kerjasma,0
merkea,0
sekalu,0
kelit,0
awal-mid,0
neraca,0
defisit,0
pencucianuang,0
copy-an,0
terlegalisir,0
imbal,0
timer,0
ciu,0
jpo,0
samun,0
sesat,0
gebyar,0
lolong,0
nurani,0
sekloah,0
berhark,0
gadean,0
gadaikanya,0
teterisa,0
ruben,0
saija,0
yohanis,0
jordan,0
abner,0
litamahuputty,0
romanus,0
batseran,0
john,0
marcus,0
kambang,0
bendera,0
rms,0
arteriosclerosis,0
kronis,0
tuberculosis,0
simbol,0
norma,0
ekspres,0
maire,0
leadbeater,0
kosio,0
pilkades,0
coblos,0
netral,0
akurat,0
permendagri,0
gani,0
malakin,0
scpatnya,0
hubungkn,0
mandau-duri,0
masin,0
sangan,0
keluran,0
taur,0
kokpit,0
jajak,0
santutan,0
tmur,0
alsan,0
kepresdienan,0
sebsar,0
teten,0
masduki,0
imigran,0
gerombol,0
overstay,0
sweeping,0
brengsek,0
biang,0
rusuh,0
dihapalkan,0
becus,0
ineke,0
radial,0
kkm,0
selebaran,0
